Date,Text
2020-07-07,"['Від завтра, 8 липня, з 08:00 год. і до 22:00 год. 28 липня 2020 р., буде перекрито рух транспорту на вул. Моршинська (примикання до вул. Генерала Чупринки).\nПро це повідомили у департаменті житлового господарства та інфраструктури ЛМР.\n\n«У зв’язку з проведенням будівельних робіт з облаштування підвищеного пішохідного переходу на перехресті вул. Генерала Чупринки–вул. Моршинська, від завтра, 8 липня, з 08:00 год. і до 22:00 год. 28 липня 2020 р, буде перекрито рух транспорту на вул. Моршинська, (примикання до вул. Генерала Чупринки)», — йдеться у повідомленні.\n\nРоботи проводить ЛКП «ШРП Галицького району».\n\nОб’їзд дороги відбуватиметься відповідно до затвердженої тимчасової схеми організації дорожнього руху.', 'varta1.com.ua: Новини']"
2020-07-07,"['На Львівщині поліцейські оперативно затримали 51-річного батька з 35-річною дочкою, причетних до крадіжки з будинку. Про це, 7 липня, повідомили у відділі комунікації поліції у Львівській області.\n\nВчора, 6 липня, у Городоцьке відділення поліції надійшло повідомлення від мешканця одного з сіл району про те, що, близько 11:00 год., невідомі зловмисники проникли у його будинок та викрали значну суму грошей у гривнях та доларах США.\n\nОперативники управління карного розшуку поліції Львівщини спільно із співробітниками Стрийського відділу поліції встановили особи та затримали зловмисників, причетних до вчинення цього злочину — 51-річного мешканця Дрогобича та його 35-річну доньку.\n\n«За кілька годин правоохоронці розшукали та зупинили у місті Стрий автомобіль «Мерседес», яким пересувались зловмисники та затримали їх.  Проводились першочергові слідчі дії, під час яких у затриманих було вилучено значну суму грошей у різних валютах, а також інші речові докази причетності їх до вчинення крадіжки. Таке оперативне розкриття цього злочину стало можливим завдяки професійній та злагоджені роботі співробітників різних служб та підрозділів поліції Львівщини, а розкриття злочинів «за гарячими слідами», як у цьому випадку, дає ще й таку перевагу, що зловмисники не мають часу та можливості заховати викрадені гроші та речі і потерпілі можуть у найкоротші терміни отримати своє майно», — розповів  начальник Головного управління Національної поліції у Львівській області полковник поліції Василь Віконський.\n\nЗловмисники затримані в порядку ст. 208 Кримінального процесуального кодексу України, невдовзі суд обере їм запобіжні заходи.\n\nПравоохоронці встановлюють причетність затриманих до вчинення інших кримінальних правопорушень. Досудове розслідування триває.\n\n[gallery link=«file» ids=«205001,205002,205003»]', 'varta1.com.ua: Новини']"
2020-07-07,"['', 'Міністр захисту довкілля та природних ресурсів Роман Абрамовський виступає за обмеження обігу пластикових пакетів. Про це він заявив під час брифінгу у Кабінеті Міністрів, інформує «Урядовий портал», пише «Liga 360».', 'Йдеться про законопроект № 2051-1, який народні депутати схвалили у першому читанні. «Цей законопроект направлений на обмеження пластикових пакетів в об’єктах роздрібної торгівлі, громадського харчування та надання послуг, — наголосив Роман Абрамовський. — На першому етапі забороняється безоплатне поширення пластикових пакетів. Не існує безкоштовних пакетів. Ми платимо за них у вартості середнього чеку в незалежності від того — беремо ми їх чи ні. Відтепер будемо платити лише за те, що використовуємо».', 'Також міністр уточнив, що під заборону підпадає і поширення оксорозкладних пластикових пакетів. Адже їх домішки допомагають розпадатися пакету на мікропластик, що легко потрапляє в довкілля та воду, а це становить велику загрозу здоров’ю людини.', 'У разі прийняття, Закон вступить у дію з 1 січня 2021 року — від цього дня усі тонкі пластикові пакети товщиною до 50 мікрон буде заборонено поширювати. «Можна буде використовувати лише надлегкі пластикові пакети з товщиною стінки до 15 мікрон, — уточнив Роман Абрамовський. — Ці пакети використовуються для м’яса, риби та продуктів з них, а також сипучих продуктів, для яких пакет є первинною упаковкою».', 'Пакети, які не відповідають вимогам і залишаються в обігу, з першого січня і будуть утилізовані суб’єктами господарювання, які їх до цього придбали. За розповсюдження таких пакетів пластикових будуть запроваджені штрафи різні на перший раз від 1700 до 3400 грн, за повторне порушення 3400–8500 грн, розповів міністр.', 'varta1.com.ua: Новини']"
2020-07-07,"['Міські посадовці хочуть запустити спільний проект із банком на базі приватно-публічного партнерства чи як спільну діяльність. Проектна пропозиція передбачає облаштування легкоатлетичної бази, що відповідатиме вимогам та критеріям різних видів спорту. Про плани стосовно «Торпедо» повідомив головний архетектор, Антон Коломійцев пише «Зручне місто».\n\nМісто звертатиметься до банку «Львів», щоб спільно реалізувати публічно-приватний проект.\n\n«Відповідно до плану, є територія, на якій передбачено легкоатлетична база. При розробці проектної пропозиції ми взаємодіяли з управлінням спорту, яке напрацювало нам свої вимоги щодо різних видів спорту, зокрема використання відкритих майданчиків. Так, на відкритому майданчику планується розмістити деякі легкоатлетичні дисципліни, у тому числі метання молота, ядра, а також облаштування нормальної бігової інфраструктури. У підсумку, ми отримаємо повноцінне поле для різних видів спорту. Окрім того, планується зробити різні майданчики з силовими тренажерами.\n\nЗвичайно, найбільш важливим є будівництво двоповерхової споруди з розміщенням легкоатлетичного центру, де можна буде проводити великі теоретичні начитки спортивних дисциплін. Також у комплексі мають розміщуватись повноцінні душові, переодягальні, санвузли, які обслуговуватимуть весь об’єкт, його відкриту та закриту частину.\n\nВарто зазначити, що на другому поверсі комплексу пропонується облаштувати кілька тренувальних залів для того, щоб об’єкт міг функціонувати цілорічно. Планується, що там можуть займатись діти різних вікових груп, а також мешканці прилеглого району. Сьогодні там збудовано багато житлових комплексів, тому інтерес до того, аби користуватись таким серйозним спортивним центром, є дуже великий. Ми розраховуємо, що він матиме як для львів’ян загалом, так і для мешканців цього району свій результат«, — зазначив головний архітектор Львова Антон Коломійцев.\n\n[gallery link=»file« ids=»205028,205029,205030,205031,205032""]', 'varta1.com.ua: Новини']"
2020-07-07,"['У вівторок, 7 липня, у  Міжнародному аеропорту «Львів» авіакомпанія Ryanair виконала, ще один новий рейс «Мілан–Львів», «Львів–Мілан». Про це повідомив споттер львівського аеропорту Юрій Танчин.\n\n«Сьогодні авіакомпанія »Ryanair« виконала, ще один новий рейс у Міжнародний аеропорт »Львів""! Boeing 737 800 з Мілану на новій реєстрації (9H-QCU)«, — повідомив він.\n\n[gallery link=»file« ids=»205077,205078,205079,205080,205081,205082""]\n\nНагадаємо, перший рейс з Болоньї до Львова виконали вчора.', 'varta1.com.ua: Новини']"
2020-07-07,"['За минулу добу, українські військовослужбовці завдали суттєвих втрат армії окупантів: 8 загинули, одного поранено. Такі дані розвідки оприлюднили 7 липня у пресцентрі Операції об’єднаних сил.\n\n«Вчора, під час обстрілу позицій захисників України, дії ворога несли загрозу життю та здоров’ю наших воїнів. У відповідь незаконним збройним формуванням Російської Федерації військовослужбовці Об’єднаних сил відкрили вогонь із дозволеного Мінськими домовленостями озброєння.\nЗа даними нашої розвідки, після придушення ворожої активності вісім окупантів загинули, одного поранено. Також було знищено один бліндаж та дві самохідні артилерійські установки загарбників, які знаходилися на вогневих позиціях противника із суттєвим порушенням лінії відведення згідно з Меморандумом та Комплексом заходів з виконання Мінських домовленостей», — повідомляють у штабі ООС.\n\nВ Операції об’єднаних сил додали, що російські окупанти несуть суттєві втрати.\n\n«Агресія супротивника була подавлена, моральний дух зломлений — у підрозділах окупаційних військ РФ морально-психологічний стан різко погіршився», — додали у штабі.', 'varta1.com.ua: Новини']"
2020-07-07,"['', 'Сьогодні, 7 липня, було оновлено список країн, до яких можуть в’їжджати на відпочинок громадяни України. Про це повідомляє пресслужба Державного агентства розвитку туризму України, у «Facebook».', 'Оновлено список країн «червоної» та «зеленої» зон станом на 6 липня. Інформація щодо п’яти країн, куди можуть полетіти на відпочинок українці: до червоної зони потрапила Албанія.', '«Червоними» лишаються Чорногорія і Єгипет. Туреччина та Хорватія перебувають у «зеленій» зоні"", — йдеться у повідомленні.', 'У відомстві нагадують, що громадяни, які приїжджають з країн «червоної зони» в Україну, мають проходити 14-денну обсервацію чи скористатися додатком «Дій вдома».', 'Кабінет міністрів своїм рішенням дозволив припиняти режим самоізоляції або обсервації тим, хто в’їжджає на територію України з країн «червоної зони» за умови, якщо вони зроблять тест на COVID-19 методом ПЛР після перетину державного кордону і матимуть негативний результат. В’їзд з країн «зеленої зони» дозволено без обмежень.', 'Для в’їзду в Україну іноземним громадянам необхідний страховий поліс, який покриває витрати на COVID-19 та обсервацію.', 'varta1.com.ua: Новини']"
2020-07-07,"['Дорожньо-транспортна пригода сталась 6 липня, близько 5:20 год., у селищі Бориня, Турківського району.\n\nПравоохоронці встановили, що водій автомобіля «ВАЗ 21112» не впорався з керуванням, з’їхав з дороги та перекинувся.', 'varta1.com.ua: Новини']"
2020-07-07,"['Президент Угорщини Янош Адер у листі до президента України Володимира Зеленського закликав вирішити ситуацію із забрудненням річки Тиси, оскільки її води несуть купи сміття до Угорщини, з яким угорська влада вже не може впоратися.\n\nЛистом Адера, опублікований на офіційному сайті угорського президента, пише ""Європейська правда«.\n\n»Розчаровує, що забруднення Тиси відходами не було зменшено, і що воно несе тривалу загрозу крихкій екосистемі річки«, — заяв Адер у листі Зеленському.\n\n»Наші машини вже не в змозі впоратися з купами сміття, які надходять у нестримній кількості«, — додав Адер, підкресливши, що така ситуація »не гідна європейських стандартів"".\n\nУгорський президент зазначає, що основна причина забруднення полягає в тому, що населення скидає свої відходи в заплави річок. Він нагадав президенту України, що вже привертав увагу до цієї проблеми в минулому році.\n\nТиса, одна з найголовніших річок у Східній Європі, протікає через Угорщину і Сербію, де впадає в Дунай.\n\nАналогічний лист щодо забруднення ріки Сомеш Адер надіслано президенту Румунії Клаусу Йоганнісу.\n\nЗвертаючись до обох президентів, Адер зазначив, що угорський уряд неодноразово звертався за допомогою до обох сусідніх країн, але у відповідь було занадто мало істотних дій і ще менше покращення ситуації.\n\nУгорський президент підкреслив, що після нещодавніх повеней велика кількість пластикових пляшок та інших відходів потрапила до Угорщини, що перешкоджає рибальству, туризму та чинить серйозний вплив на дику природу.\n\nПрезидент Угорщини просить обох президентів використати свій вплив, щоб зупинити забруднення рік.', 'varta1.com.ua: Новини']"
2020-07-07,"['Станом на 7 липня, 8:11 год., рятувальники боряться з пожежею на Луганщині.\n\nНа даний момент, пожежу площею приблизно 85 га — локалізовано. Травмованих та загиблих на пожежі не виявлено. Про це повідомили у пресслужбі ДСНС України.\n\n«У зв’язку з поривчастим вітром в післяобідній час виникло ще декілька осередків лісових пожеж (верховий), які розповсюдилися по лісу до житлового сектору селищ Вовче та Смолянінове, Новоайдарського району. Наразі, відбувається евакуація мешканців цих населених пунктів», — повідомляють у ДСНС.\n\nНа місці надзвичайної події працюють 210 чоловік особового складу та 47 одиниць пожежної техніки ГУ ДСНС України у Луганській області.\n\nНа допомогу їм прибули рятувальники з Донецької області у кількості 71 фахівець особового складу та 11 одиниць пожежної техніки.\n\nНевдовзі до ліквідації цієї масштабної пожежі приєднаються також харківські та полтавські рятувальники.\n\nРоботи з локалізації та ліквідації пожежі тривають.\n\n[gallery link=«file» ids=«205132,205133,205134»]', 'varta1.com.ua: Новини']"
2020-07-07,"['Компанія міжнародних автобусних перевезень «FlixBus» від 8 липня запускає перші три внутрішні рейси територією України. Відтепер є ще один спосіб львів’ян подорожувати Україною.\n\nПро це повідомили на сайті компанії.\n\nВід 8 липня стануть доступні такі напрямки: ', 'varta1.com.ua: Новини']"
2020-07-07,"['Від 7 липня « Укрзалізниця» розпочала прийом цифрових студентських квитків із мобільного додатку «Дія» для посадки на потяг, а також купівлі квитків.  Як і паперовий документ, цифровий аналог даватиме право на пільговий проїзд. Про це повідомили у пресслужбі «УЗ».\n\n«Цифровий студентський має такі ж переваги, як і пластиковий оригінал: ідентифікує особу, підтверджує статус студента та надає знижки. Пільговий проїзд надається студентам ВНЗ I-IV рівнів акредитації та учням професійно-технічних навчальних закладів», — повідомилиу компанії.\n\nВідтак, подорожувати зі знижками з Е-студентським можна у:\n— загальних і плацкартних вагонах;\n— вагонах 2-3 класу всіх категорій міжміського сполучення;\n— усіх вагонах регіональних поїздів;\n— поїздах приміського сполучення.\n\nОднак при проїзді у вагонах вищої категорії типу СВ, купе та у вагонах 1-го класу, крім поїздів категорії «Регіональний поїзд», для студентів встановлена повна вартість квитка.\n\nЗагалом Укрзалізниця приймає вже чотири цифрові документи з Дії: ID-картку, закордонний біометричний паспорт, водійське посвідчення та студентський квиток.\n\nЗастосунок Дія доступний за посиланням.\n\nНагадаємо, що відповідно до п. 1 Постанови КМУ від 18 грудня 2019 р. № 1051, електронні студентські квитки можна пред’являти замість студентських (учнівських) квитків закладу вищої та/або професійної (професійно-технічної) освіти, для підтвердження статусу студента (учня) такого закладу та реалізації його права на пільги, передбачені законодавством України.\n\nПосадка в поїзд осіб за пільговими проїзними документами здійснюється за наявності:\n— проїзного документа;\n— документа, що посвідчує особу;\n— документа, що підтверджує право на пільговий проїзд (студентський квиток у цьому випадку).', 'varta1.com.ua: Новини']"
2021-07-07,"['В Яремче автомобіль злетів з дороги в обрив.\n\nЯк повідомляє Нацполіція Івано-Франківської області, на цей час поліція на місці події, встановлює обставини ДТП та персональні дані чотирьох загиблих.\n\n7 липня, о 11:45 год, до поліції надійшло повідомлення про ДТП. На місце події негайно прибули рятувальники та працівники поліції.\n\nПопередньо слідчі встановили, що автомобіль «Volkswagen Tiguan» на заокругленій ділянці дороги злетів з дороги в обрив. У транспортному засобі перебувало четверо осіб: троє чоловіків і одна жінка, які загинули на місці події до приїзду медиків. Поліцейські встановлюють також вік і місце проживання загиблих.\n\nНа місці продовжують працювати усі служби.\n\n[gallery link=«file» columns=«4» ids=«291293,291294,291295,291296»]', 'varta1.com.ua: Новини']"
2021-07-07,"['', 'На Львівщині  чоловік жорстоко побив батька, який від отриманих травм помер.', 'Як повідомляє Нацполіція Львівської області, 6 липня, у поліцію надійшло повідомлення від мешканця одного з сіл Самбірського району про те, що прийшовши додому до тестя, він виявив його тіло без ознак життя зі слідами побоїв.', 'За вказаною адресою негайно виїхали: слідчо-оперативна група, група реагування патрульної поліції, дільничний офіцер та співробітники інших служб відділення поліції № 2 Самбірського районного відділу поліції. На тілі 74-річного мешканця будинку правоохоронці виявили чисельні тілесні ушкодження, які й спричинили смерть. Зокрема, у чоловіка були зламані ребра та грудна клітина.', 'Проведеними заходами поліцейські встановили, що до скоєння злочину причетний 44-річний син загиблого. Напередодні, близько 23:00 год, він, перебуваючи у стані алкогольного сп’яніння, прийшов у будинок батька, вчинив з ним конфлікт, під час якого жорстоко побив, спричинивши тілесні ушкодження. Від отриманих травм пенсіонер помер.', 'За фактом слідчі територіального підрозділу поліції відкрили кримінальне провадження за ч. 2 ст. 121 (умисне тяжке тілесне ушкодження) Кримінального кодексу України. Санкція статті передбачає покарання — позбавлення волі на термін від семи до десяти років.', 'Зловмисник затриманий у порядку ст. 208 Кримінального процесуального кодексу України, невдовзі суд обере йому запобіжний захід.', 'Досудове розслідування триває.', 'varta1.com.ua: Новини']"
2021-07-07,"['У Міністерстві закордонних справ України повідомили, що загрози життю українців, гелікоптер з яким упав в озеро в Польщі, немає.\n\nЯк пише «УНІАН», з посиланням на речника Міністерства закордонних справ України Олега Ніколенко, 6 липня, внаслідок падіння цивільного вертольота в озеро Талти у Вармінсько-Мазурському воєводстві, троє громадян України отримали травми: пілот та двоє пасажирів.\n\n«Постраждалі українці госпіталізовані, їхній стан стабільний, загрози життю немає», — зазначив Ніколенко.\n\nВін додав, що Консульство України в Ґданську надає громадянам необхідну допомогу, взаємодіє із правоохоронними органами та Державною комісією Польщі з розслідування авіаційних аварій задля з’ясування причин падіння, а також підтримує контакт із лікарнею.\n\nУ Польщі впав вертоліт з українцями: що відомо\n\n6 липня з’явилася інформація, що на озері Талти у Вармінсько-Мазурському воєводстві Польщі сталася авіапригода — гелікоптер з пасажирами упав у воду.\n\nЗа словами очевидців, невдовзі після зльоту у транспорту почалися проблеми з двигуном.\n\nНа борту перебували й українці, які проживають у Польщі. Проїжджаючі на катері туристи підібрали постраждалих. Трьох пасажирів з травмами госпіталізували.', '', '', 'varta1.com.ua: Новини']"
2021-07-07,"['У Львові на місці колишнього офісу Компартії хочуть облаштувати магазин.\n\nЯк повідомляє «ГалІнфо», квартиру за адресою: м. Львів, вул. Коновальця 7/1, у якій раніше знаходився офіс львівського обкому КПУ та яка в останні роки підпільно здавалась в оренду для проведення різноманітних масових заходів усім охочим, планують пристосувати під магазин.\n\nЗробити це хоче її новий власник — Браун Дімітрі, який придбав дане помешкання (загальною площею 92,3 кв. м) у Голуба Володимира Івановича — батька екс-народного депутата-комуніста Голуба Олександра Володимировича.\n\nКвартира № 1 на вул. Коновальця, 7, у Львові, звідки раніше регулярно доносився спів «Інтернаціоналу» та вікна якої раніше регулярно били камінням, знову опинилася в епіцентрі скандалу. На цей раз — у зв’язку з намаганнями нового власника квартири Брауна Дімітрі реконструювати це помешкання та облаштувати магазин — шляхом «відновлення дверного прорізу» на місці віконного отвору.\n\nАби реалізувати цю задумку, Браун Дімітрі скерував відповідне звернення до Львівської міськради. Виконавчий комітет ЛМР розглянув його на засіданні 21 травня 2021 року. За результатами розгляду було ухвалено рішення «Про затвердження містобудівних умов та обмежень для проектування об’єкта будівництва на реконструкцію гр. Браун Дімітрі з пристосуванням квартири № 1 під магазин з відновленням дверного прорізу на місці віконного отвору на вул. Є. Коновальця, 7 у м. Львові».\n\nВодночас, дане погодження викликало обурення в мешканців будинку на Коновальця, 7, які стверджують, що отвору для дверей за проектом «там» ніколи не було, і що міська рада погодила вирізати двері у фасаді історичного будинку під магазин без їхньої згоди.\n\nЗа наявною інформацію, через це погодження нещодавно відбулися загальні збори ОСББ «Під орлами», якому належить будинок, а також було проведено письмове опитування мешканців. Всі мешканці висловилися проти того, щоб вирізали двері у фасаді будинку. У ОСББ заявляють, що дану справу просто так не залишать, не виключають, що у випадку бездіяльності архітектурних інстанцій Львова вирішуватимуть її у суді.\n\nНагадаємо, що в квартира за адресою вул. Коновальця 7/1, яка тривалий час слугувала місцем для партійних зібрань львівських комуністів, в останні роки підпільно (без сплати податків) здавалась в оренду для проведення різноманітних масових заходів усім охочим. Відомо, зокрема, й те, що у помешканні функціонував навчальний центр «Training Service Lviv». На його сайті зазначалося, що центр проводить навчальні, коучингові заходи, об’єднуючи тренерів різних напрямків навчання з багаторічним досвідом і тисячами годин тренерської, коучінгової, психологічної та консалтингової роботи.\n\nПро будівлю на вулиці Коновальця під номером 7 відомо, що її понад сто років тому спроектував архітектор Каспер Драневич. Будинок має назву «Під орлами». 2003 року за проєктом та керівництвом скульптора Любомира Кукіля відбулася реконструція фігури орлів на фасаді будинку.\n\n[gallery link=«file» columns=«1» ids=«291279»]', 'varta1.com.ua: Новини']"
2021-07-07,"['Невідомі застрелили президента Гаїті. Глава держави отримав вогнепальне поранення у результаті нападу на його резиденцію.\n\nЯк інформує «УНІАН», президент Гаїті Жовенель Моіз отримав смертельне поранення в результаті нападу невідомих на його резиденцію.\n\nПро це повідомляє новинний портал «Juno 7», з посиланням на заяву прем’єр-міністра країни Клода Жозефа. За його даними, напад стався вночі. Група людей пробралася на територію резиденції. Частина нападників говорила іспанською.\n\nПрем’єр засудив вбивство 53-річного президента і назвав інцидент «актом ненависті, жорстокості й варварства». Жозеф підкреслив, що національна поліція Гаїті тримає ситуацію під контролем. Особистості й мотиви нападників поки не встановлені.\n\nЗа його даними, у глави держави вогнепальне поранення. Дружина вбитого президента також постраждала. Її госпіталізували, проте про її стан зараз нічого невідомо.\n\nЖовенель Моїз став президентом Гаїті 7 лютого 2017 року. Він набрав на виборах 55,7 % голосів, у той час як його суперник Жюд Селестен отримав 19,5 % голосів виборців.', 'varta1.com.ua: Новини']"
2021-07-07,"['У селі на Дубенщині карантин — через сказ у лисиці.\n\nЯк повідомили у Дубенській РДА, у зв’язку з виявленням випадку сказу на Дубенщині, сьогодні, 7 липня, під керівництвом голови Дубенської РДА Всеволода Пекарського, проведено засідання районної Державної надзвичайної протиепізоотичної комісії.\n\nНа засіданні заслухано інформацію начальника Дубенського міськрайонного управління Головного управління  Держпродспоживслужби Івана Лопуги про підтвердження випадку сказу лиса, який виявили в селі Острів, Мирогощанської сільської ради. Рішенням комісії від 7 липня в селі Острів введено карантин на 60 днів.\n\nДо загрозливої зони також потрапляють села в радіусі 10 км: Княгинин, Листвин, Нараїв, Заруддя, Боцянівка, Білобережжя, Костянець, Мокре Мирогощанської сільської ради, а також Травневе та Молодіжне, Варковицької сільської ради.\n\nРішенням комісії введено заборону на відловлювання й вивезення диких тварин на території мисливських угідь, які входять в загрозливу зону вогнища сказу.', 'varta1.com.ua: Новини']"
2021-07-07,"['Жінку, яка заморила голодом свою дитину, засуджено до 12 років позбавлення волі.\n\nЯк повідомляє пресслужба Київської міської прокуратури,  за результатами підтримання публічного обвинувачення прокурорами Голосіївської окружної прокуратури міста Києва до 12 років позбавлення волі засуджено жінку, яка на 11 днів залишила в квартирі двох своїх дітей, один з яких помер від голоду.\n\nНагадаємо, на початку грудня 2016 року обвинувачена на 11 днів залишила в квартирі двох своїх дітей — однорічного сина та дворічну доньку. Повернувшись додому, жінка виявила хлопчика мертвим, а дівчинку — без свідомості.\n\n29 серпня 2019 року Голосіївський районний суд міста Києва засудив обвинувачену до 8 років за ч. 3 ст. 135 КК України (залишення в небезпеці).\n\nОскільки прокуратура наполягала на призначенні жінці довічного позбавлення волі за п. 2 ч. 2 ст. 115 КК України (умисне вбивство малолітньої дитини), вказаний вирок був оскаржений в апеляційній інстанції.\n\n18 грудня 2019 року Київський апеляційний суд задовольнив апеляційну скаргу прокуратури міста Києва, скасував вирок Голосіївського райсуду столиці, а кримінальне провадження направив на новий судовий розгляд у той же суд в іншому складі суду.\n\nУ ході судового розгляду прокурор повністю довів  вину обвинуваченої та вироком Голосіївського районного суду від 5 липня 2021 року жінку визнано винною у вчиненні злочину за п. 2 ч. 2 ст. 115 КК України та засуджено до 12 років позбавлення волі.\n\nОбвинувачена перебуває під вартою.\n\nПісля вивчення тексту вироку окружною прокуратурою буде вирішено питання про можливість внесення апеляційної скарги.', 'varta1.com.ua: Новини']"
2021-07-07,"['На відпочинку в Єгипті травмувалася українська туристка. Вона каталася на водному парашуті й при падінні врізалася головою об катер і отримала важкі травми.\n\nЯк повідомляє «РБК-Україна», жінка купила поїздку на водному парашуті (парасейлінгу) у представника готелю «Reef Oasis Blue Bay Resort & Spa 5*». Канат випадково обірвався, і її понесло в море.\n\n«Працівники на катері не були готові до такого ходу подій і, не знаючи що робити, просто перегородили катером політ жінки. На всій швидкості вона влетіла головою в борт», — сказано в повідомленні.\n\nТуристка отримала дуже серйозні травми в результаті падіння: їй наклали 15 швів, розірвано вухо, тріщини в хребцях, струс мозку.\n\nПоліція знизує плечима.\n\nВідзначається, що представники туроператора «JoinUp» намагаються допомогти, але лікарі хочуть швидше відправити туристку літаком додому, а поліція лише знизує плечима.\n\nВідзначається, що це вже другий випадок подій на парасейлінгу за останні 10 днів.\n\nУ «Join UP!» прокоментували подію:\n\n«1 липня 2021 року на курорті Шарм-еш-Шейх стався інцидент з українською туристкою. Відпочивальники з України самостійно у місцевої компанії придбали послугу парасейлінгу (катання на спеціальному парашуті за катером).\n\nПід час катання в однієї з жінок відірвався парашут й рухався неконтрольовано. Катер поїхав у сторону туристки, щоб допомогти їй, однак поривом вітру парашут різко відкинуло в бік катера, у результаті чого туристка отримала травми.\n\nЖінці одразу викликали швидку допомогу й відправили до лікарні. Також про інцидент було повідомлено в поліцію.\n\nКомпанія, яка надавала послугу парасейлінгу, оперативно відреагувала на ситуацію й покрила всі медичні витрати, зворотні авіаквитки, продовження проживання в готелі, а також компенсувала моральну шкоду.\n\nНаразі, життю туристки нічого не загрожує. 6 липня її виписали з лікарні. Туристи за власним рішенням забрали заяву з поліції і зазначили, що більше не мають претензій.\n\nПредставники туроператора »Join UP!« та наші партнери стежили за розвитком ситуації, допомагали з перекладом і супроводжували комунікацію з поліцією, місцевою компанією і лікарями. Ми зробили все можливе, щоб максимально допомогти туристам і посприяти якнайшвидшому вирішенню всіх питань.\n\nНагадуємо, що у разі самостійного замовлення додаткових екскурсій чи послуг туристи мають зважувати ризики. Якщо планується активний відпочинок (парасейлінг, віндсерфінг, дайвінг, лижі), то краще оформити страховку категорії А1. Цей різновид передбачає набагато більше випадків, аніж звичайна медична страховка. Мова не лише про професійних спортсменів: А1 слід обирати, якщо людина збирається пірнати з аквалангом чи використовувати транспортні наземні й повітряні засоби пересування».\n\nУ коментарях користувачі відреагували на інцидент.\n\n«Мені шкода, що сталося. Бажаємо їй якнайшвидшого одужання. Складається враження, що персонал абсолютно некваліфікований, а поведінка компетентних органів щодо аварії — ганьба. Я повинен визнати крах туристичної галузі в нашій країні, а це недоречно для Єгипту».\n\n«Кошмар, навіщо було перегороджувати, щоб убити жінку???»\n\n«Це звичайно жах. Її волокло по воді, як по асфальту. Повний шок. Міцного здоров’я їй».\n\n«Який жах, мої щирі побажання якнайшвидшого одужання жінці. За свої ж гроші і так постраждати...»\n\nДо речі, в одному з коментарів представник водних видів спорту Мохаммед Хассан у готелі написав, що зараз стан жінки стабільний і за нею доглядають.\n\n«Не пишіть, якщо не знаєте! Брехня чистої води про те, що її кинули і вона все повинна оплатити сама! Так, трапилася біда. Ніхто не застрахований від нещасного випадку. Але! Постраждалу не кинули, з нею представники як і компанії водних спортів, де вона купила послугу, так і представники компанії-власника парашутного човна, також представники готелю і туроператор, з моменту аварії і по цю хвилину. Зараз, після наданої медичної допомоги, її стан стабільний. Хто не вірить і бажає перевірити, сходіть у госпіталь і переконайтеся самі! Через декілька днів, з дозволу лікарів, вона полетить додому. Їй виплатять компенсацію, мова йде про декілька тисяч доларів, оплатять проживання в готелі до відльоту і куплять новий квиток», — написав Мохаммед Хассан.', '', '', 'varta1.com.ua: Новини']"
2021-07-07,"['Сьогодні, 7 липня, до Львова прибув рейс авіакомпанії «Flynas»!\n\nЛітак «Airbus A320 Neo» прилетів з міста Ель-Касім, що знаходиться у Саудівської-Аравії. Вже за традицією борт зустріли водяною аркою.\n\nНагадаємо, 3 липня цей перевізник, вже відкрив рейс з міста Ер-Ріад.\n\nФото: Юрій Танчин, Василь Садовий\n\n[gallery link=«file» ids=«291337,291338,291339,291340,291341,291342,291343,291344,291345,291346,291347,291355»]', 'varta1.com.ua: Новини']"
2021-07-07,"['Сайти офісу президента, Служби безпеки та ряду інших державних структур раптово перестали працювати. Причиною тому стали хакерські атаки.\n\nЯк повідомляє  Державна служба спеціального зв’язку та захисту інформації України, 6 липня у другій половині дня відбувся аварійний технічний збій в роботі Інтернет-провайдерів, що забезпечують підтримку інтернет-представництв і сайтів президента України, Служби безпеки України та інших органів державної влади України.\n\nДержавним центром кіберзахисту  Держспецзв’язку визначено, що причинами технічного збою були:\n— атака типу «DNS Amplification» на сервери доменних імен, що забезпечують доступність вебресурсів органів державної влади;\n— мережева атака, спрямована на порушення сервісу маршрутизації мережевого трафіку, що спричинила тимчасову недоступність резервних маршрутів та відповідних вебресурсів.\n\nЗасобами Системи виявлення вразливостей і реагування на кіберінциденти та кібератаки зафіксовано аномальні події на обладнанні системи захищеного доступу державних органів до мережі інтернет.\n\nЗа результатами атаки зареєстровано відповідний кіберінцидент, триває розслідування.', 'varta1.com.ua: Новини']"
2021-07-07,"['Перший заступник начальника департаменту патрульної поліції Києва Олексій Білошицький опублікував дані про поліцейського, якого сьогодні підстрелив чоловік.\n\nСергій Василенко — патрульний поліцейський Києва, 27 років, доєднався до лав патрульної поліції у 2019 році.\n\nВін колишній військовослужбовець з міцним здоров’ям, захоплюється мотоспортом.\n\n«Сьогодні під час виконання службового завдання Сергія було серйозно поранено пострілом з рушниці через двері. Це ситуація, яка ще раз доводить, що небезпека очікує патрульних навіть там, де її ніколи б не чекав. І будь-який виклик може стати останнім…\n\nСлужбу патрульного не можна порівнювати з цивільними професіями, як це часто звикли робити… але ось рівень заробітної плати, враховуючи всі ризики, також є «незрівненним». Цей виклик розділив життя Сергія на »до” і ”після”.\n\nНаразі, за його руку боряться найкращі фахівці лікарні ім. Шалімова і він вже переніс одну операцію. Надається максимальна допомога з лікування і реабілітації, але процес буде довгим і складним. І звісно, результат поки що невідомий.\n\nПатрульний залишиться в нашій сім’ї і на службі, не дивлячись на результат лікування, хоча ми віримо у повне відновлення!« — написав Білошицький.\n\nНагадаємо, сьогодні, працівники патрульної поліції виїхали на виклик щодо конфлікту у квартирі на проспекті Голосіївському. На місці події власник помешкання здійснив постріл із мисливської рушниці у напрямку поліцейських.\n\nВнаслідок події, правоохоронець отримав вогнепальне поранення руки, а інший чоловік — поранення в обличчя.\n\n[gallery link=»file« ids=»291403,291402,291401,291399,291398,291397""]', 'varta1.com.ua: Новини']"
2021-07-07,"['', 'У середу, 7 липня, о 20:40 год, у Львові, в Шевченківському районі, сталася дорожньо-транспортна пригода. Про це інформує голова «Варта1» Ігор Зінкевич.', '«ДТП по вул. Жовківська–Дашкевича», — йдеться у дописі.', 'Внаслідок аварії, один з автомобілів вилетів на тротуар і врізався в стіну будівлі.', 'Обставини уточнюються, інформація буде оновлюватись.', 'varta1.com.ua: Новини']"
2021-07-07,"['', 'У Львові городяни обурюються станом водойм на території парку «Погулянка».', 'Як зазначає, 7 липня, у зверненні на «Гарячу лінію міста Львова» Люба Косовська, «вчора гуляла парком Погулянка і була неприємно вражена. Пройшовши від Джорджа Вашингтона і до Центру творчості дітей та юнацтва, тобто через цілий парк — вздовж жахливий запах з каналізаційних люків, таке враження що фура з пивом перевернулась. Дійшовши до раніше чудових водойм побачила оцей жах, все цвіте, море сміття, добре, що фото не передає запаху, а там довкола лавочки і люди «відпочивають». Декілька метрів далі ЛМР табличку поставила, що парк прибрано. То може і з водоймами якось впорядкувати і каналізацію перевірити, щоб парк був парком, а не вигрібною ямою».', 'Довідково. Лісопарк «Погулянка» — зелена зона у Личаківському районі Львова. Парк розташований між вулицями Пасічною, Вашингтона, Зеленою та місцевістю Погулянка; північна частина парку межує з Ботанічними садом Львівського університету. Центральною віссю парку є потік Пасіка (витік річки Полтва) й алея, що веде від вулиці Погулянка до вулиці Пасічної та Вашингтона.', 'varta1.com.ua: Новини']"
2022-07-07,"['Рішенням Ради оборони області на Рівненщині заборонено продаж та запуск феєрверків, салютів і інших піротехнічних засобів, повідомив керівник Рівненської ОВА Віталій Коваль.', 'Заборонено рух транспортних засобів, у конструкції яких є система випуску відпрацьованих газів з прямотоком та інші вихлопні системи, де відсутній шумопоглинач (рух автомобілів та мотоциклів без глушників).', 'Заборона діятиме до скасування режиму воєнного стану.', '', '', 'Як повідомлялося, буковинець, який запустив салюти, отримав повістку.', 'varta1.com.ua: Новини', 'Володимир Садовий']"
2022-07-07,"['На війні загинув 51-річний військовий Ігор Івасик. Він служив у лавах 80-ї ОДШБ, повідомили у Рогатинській територіальній громаді.', 'Ігор Івасик пішов захищати Україну від загарбників практично у перші дні війни — 3 березня.', 'Був військовим 80-ї окремої десантно-штурмової бригади ДШВ Збройних сил України.', 'Загинув захисник України 5 липня на 52-му році життя поблизу населеного пункту Спірне, Бахмутського району, Донецької області, від численних вибухових травм.', '«Ти віддав життя, щоб ми жили, за наші мирні світанки, спокійний сон, за майбутнє наших дітей, за їх посмішки, за наших батьків, за Україну. Світла пам’ять бійцю 80-ї ДШБ, нашому Герою Ігорю Івасику», — зазначила сестра захисника Оксана Івасик.', 'Прощання з Героєм відбудеться у Львові, де народився і мешкав захисник.', 'Як повідомлялося, зустрів тіло сина і помер батько захисника з Волині.', 'varta1.com.ua: Новини', 'Володимир Садовий']"
2022-07-07,"['Поїзд вирушатиме по парних числах із Запоріжжя з 26 липня о 15:03 год. і прибуватиме до Ужгорода о 15:27 год. наступного дня, повідомляє «Укрзалізниця».', 'У зворотному напрямку, з Ужгорода, поїзд вирушатиме по парних числах об 11:35 год. і прибуватиме до Запоріжжя о 12:21 год.', 'Квитки будуть доступні онлайн на сайті, у чат-ботах та касах з 8 липня.', 'Як повідомлялося, з 9 липня курсуватиме ще один поїзд «Інтерсіті» Київ–Львів.', 'varta1.com.ua: Новини', 'Володимир Садовий']"
2022-07-07,"['7 липня кримське управління ФСБ повідомило про порушення кримінальної справи стосовно військового комісара Криму Юрія Лимаря за статтями про зловживання посадовими повноваженнями та отримання хабаря.', 'Як повідомляє «Фокус», російські силовики заявили, що Лимар за хабарі звільняв кримчан від призову на строкову військову службу, надаючи своїм підлеглим відповідні розпорядження. Зараз вирішується питання про запобіжний захід для підозрюваного.', 'Також повідомляють, що кримінальні справи порушили проти військкома Джанкоя, начальника відділу призову військового комісаріату Білогірська та начальник відділу призову Сімферопольського військкомату.', 'У представництві президента України в Автономній республіці Крим днями заявили про те, що на окупованому півострові, ймовірно, розпочинається підготовка до оголошення мобілізації, щоб поповнити склад російських військ, що воюють проти України.', 'Такого висновку дійшли, вивчивши указ голови окупаційної адміністрації Криму Сергія Аксьонова, який розпорядився створити «призовну комісію з мобілізації громадян» у новому складі. Також Аксьонов доручив створити відповідні комісії нижчого рівня у всіх районах півострова.', '', '', '', '', 'Як повідомлялося, у Криму через сильні зливи підтоплено села та міста.', 'varta1.com.ua: Новини', 'Володимир Садовий']"
2022-07-07,"['Єврокомісія сьогодні, 7 липня, ухвалила рішення про запрошення України стати учасницею Конвенції щодо процедури спільного транзиту (NCTS) і Конвенції про спрощення формальностей у торгівлі товарами, що означає приєднання держави до «митного безвізу».', 'Про це повідомила прес-служба Міністерства фінансів.', '«Незважаючи на воєнний стан, Мінфін продовжує втілювати у життя реформу митниці. Ми маємо на меті перетворити українську митницю на максимально зручний сервіс для нашого бізнесу. І NСTS дозволить зробити це, прискоривши проходження товарів через кордон. Митний безвіз — це можливість швидкого переміщення товарів між 36-ма країнами Європейського регіону. Водночас, приєднання до Конвенції про процедуру спільного транзиту та NCTS — це важливий крок майбутнього членства України в ЄС», — наголосив Міністр фінансів України Сергій Марченко.', 'Рішення прийнято на засіданні робочої групи з питань відповідних конвенцій за результатами розгляду висновків фінальної Оціночної місії Генерального директорату з питань оподаткування та Митного союзу Європейської комісії (DG TAXUD), яка відбулася 23–24 червня 2022 року.', 'Після приєднання України до Конвенції про процедуру спільного транзиту (NCTS) український бізнес зможе користуватися такими перевагами та спрощеннями:', 'Очікується, що розпочати міжнародне застосування NCTS Україна зможе вже наприкінці 2022 року. Цьому має передувати прийняття Верховною Радою України законопроекту № 7420 та законопроектів про приєднання до двох конвенцій, здійснення всіх відповідних міжнародних процедур.', 'Нагадаємо, що у Євросоюзі назвали країни, які надали найбільшу кількість статусів тимчасового захисту українцям.', 'varta1.com.ua: Новини', 'Ілона Мартинюк']"
2022-07-07,"['Сьогодні, 7 липня, у Львові сталася дорожньо-транспортна пригода. Про це повідомляє «Варта 1».', 'Автопригода сталася на вулиці Луганській.', 'У ДТП зіткнулися два авто, за попередніми даними один з водіїв не надав перевагу у русі іншому.', 'Потерпілих, внаслідок ДТП, не має.', 'Рух вулицею не ускладнений.', 'На місці ДТП працює патрульна поліція.', '', '', '', '', 'varta1.com.ua: Новини', 'Ольга Чобіт']"
2022-07-07,"['Голова ЛОВА Максим Козицький прокоментував рішення працівників військкоматів роздавати повістки у різних громадських місцях, зокрема біля церков. Він засумнівався у правильності такої практики.', 'Про це очільник Львівської обласної військової адміністрації Максим Козицький розповів під час прямого ефіру «ZAXID.NET».', '«Я вважаю, що коли людина йде до церкви, вона йде перш за все до Бога. Тому для цього, я думаю, є і інші місця, де можна роздавати повістки. Але що стосується торгових центрів, місць відпочинку, блокпостів, це, я думаю, адекватні місця, де людина може отримати повістку для того, щоб вона могла піти воювати або стати на облік», — зазначив Максим Козицький.', 'Також він пояснив, що отримання повістки та візит з нею до центру комплектації і соціальної підтримки ще не означає участь у воєнних діях.', '«З однієї сторони ми хочемо, щоб мобілізація проходила і ми мали можливість давати відсіч ворогу. Для цього ми маємо мобілізовувати населення. Звичайно, це складна робота. Люди, які отримують повістку, не завжди відразу йдуть на фронт. Це питання обліку людей, які мають можливість захищати власну державу», — наголосив очільник області.', 'Нагадаємо, раніше повідомлялося хто зі здобувачів освіти може піти до війська.', 'varta1.com.ua: Новини', 'Ілона Мартинюк']"
2022-07-07,"['З російського полону звільнили сина голова Запорізької райдержадміністрації Олега Буряка. ', 'Про це повідомляться на сторінці «Save Vlad Buryak» у «Facebook».', 'Нагадаємо, що, 17 квітня, окупанти викрали 16-річного сина Буряка на блокпосту у Василівці та відвезли хлопця у невідомому напрямку.', '«Серед новинних зведень війни та всіх жахіть, що тривають в Україні маємо одну добру новину: Владислав Буряк нарешті звільнений з полону! Нині він з батьком прямує в безпечне місце».', 'Оприлюднено також відповідне фото. Дата звільнення та інші подробиці не повідомляються.', 'Фото: Олег Буряк', '', '', 'varta1.com.ua: Новини', 'Ілона Мартинюк']"
2022-07-07,"['Гайдай зазначив, що впродовж останніх днів у тилу окупантів побільшало так званих «хлопків», тому ворог посилив терор проти цивільних. Водночас, він наголосив, що повної окупації Луганщини немає, область тримається.', 'Про це розповів голова Луганської ОВА Сергій Гайдай.', 'Голова ОВА повідомив, що за увесь час війни найбільше «кадирівців» полягло саме у Сєвєродонецьку.', '«І один із дуже серйозних «кадирівських» воєначальників, якщо не на грані життя та смерті, то серйозно поранений був», — сказав він.', 'За словами Гайдая, наразі, є дуже маленькі частини Луганщини, де тривають бої.', 'Він зазначив, що впродовж останніх днів у тилу окупантів побільшало так званих «хлопків». Провину за це росіяни покладають на цивільних, а тому посилили терор. Загарбники шукають тих, хто міг повідомити координати ЗСУ чи просто сфотографувати розташування цілей.', 'У Кремінній людям заборонено користуватися мобільними телефонами, окрім того, людей розстрілюють, якщо окупантам здається, що людина занадто багато спілкується телефоном. Це для них сигнал причетності до шпигунства.', '«Доходило до того, що у Кремінній людей розстрілювали просто на вулиці», — каже очільник ОВА.', 'Гайдай вважає, що Луганська область може стати плацдармом для наступу рашистів на Донеччину. Уповільнюють цей процес знищення ворожих складів боєприпасів у глибокому тилу.', 'Нагадаємо, що раніше у Лисичанську загарбники обстріляли натовп людей, які прийшли по воду.', 'varta1.com.ua: Новини', 'Ілона Мартинюк']"
2022-07-07,"['У селищі Східниця, Львівської області, у готелі «Вілла Алеся» транслювали російську пропаганду.', 'У готельних номерах можна було подивитися російські пропагандистські телеканали «Росія 24», НТВ, ТНР, «РТР Планета», які офіційно заборонені на території України. ', 'Про це повідомляє Нацрада з питань телебачення та радіомовлення. ', 'Державний регулятор отримав скаргу від відвідувача готелю на ретрансляцію російської пропаганди. Працівник секретаріату представника Національної ради України у Львівській області, спільно з поліцією, перевірив скаргу гостя готелю. ', '«Серед телеканалів, які мали змогу переглядати відвідувачі готелю, були російські НТВ і ТНТ, а також низка інших програм, не внесених до Переліку іноземних програм, зміст яких відповідає вимогам Європейської конвенції про транскордонне телебачення і законодавству України. До відома керівництва закладу було доведено інформацію, що показ російських пропагандистських телеканалів є неприпустимим, бо не лише ображає громадян країни, в якій росія веде жорстоку війну, а й порушує вимоги чинного українського законодавства», — йдеться у повідомленні. ', 'Після перевірки готель припинив транслювати російську пропаганду. ', 'Нагадаємо, що у Генштабі спростували інформацію росії про загибель українських захисників на Зміїному.', 'varta1.com.ua: Новини', 'Ілона Мартинюк']"
2022-07-07,"['Начальник штабу оборони Великої Британії адмірал Тоні Радакін зустрівся в Україні із головнокомандувачем ЗСУ Валерієм Залужним і обговорив  з ним деталі планів майбутніх операцій. ', 'Про це повідомив Генштаб ЗСУ.', '«Ми дуже плідно попрацювали на пункті управління, обговорили до деталей плани майбутніх операцій. Як військові люди, розуміємо ситуацію такою, як вона є, і віддаємо всі сили боротьбі за свободу», — зазначив Залужний.', 'Радакін відзначив, що для нього «велика честь відвідати Київ та зустрітися з моїм українським колегою генералом Залужним».', '«Я сповнений захоплення ЗСУ, їхньою мужністю, стійкістю та винахідливістю у протистоянні незаконній та варварській агресії росії», — наголосив адмірал.', '«Мій 48-годинний візит дав мені змогу краще зрозуміти оперативні перспективи та обговорити, як Велика Британія може продовжувати підтримувати Україну. І як ми можемо сприяти іншим міжнародним партнерам та союзникам у допомозі ЗСУ найближчими тижнями та місяцями», — доповнив Радакін.', 'Фото: Генштаб ЗСУ', '', '', 'varta1.com.ua: Новини', 'Ілона Мартинюк']"
2022-07-07,"['Сьогодні вночі, 7 липня, до острова Зміїний на підводних носіях підійшли бойові плавці 73 морського центру СпП ім. кошового отамана Антіна Головатого. Вони обстежили прибережну зону, а потім подали сигнал, що операцію можна продовжити.', 'Про це повідомили в ССО, пише Генштаб ЗСУ,', 'Першими на берег зійшли інженери, які розчистили прохід від мін і пасток. Опісля, група вийшла на плато острова і встановила українські прапори в різних частинах Зміїного. ', 'У той час, коли військові виконували завдання, російські судна почали маневрувати в напрямку острова. Група виконала завдання та залишила Зміїний.', 'Пізніше, російські окупанти вдарили ракетами по острову і влучили в пірс. Група українських військових у повному складі неушкодженою повернулася на базу.', 'Фото: Сили спеціальних операцій ЗСУ', '', '', '', '', 'Нагадаємо, що раніше ворог завдав удару по острову Зміїному.', 'varta1.com.ua: Новини', 'Ілона Мартинюк']"
2023-07-07,"['На Хмельниччині правоохоронці затримали підозрюваного у розбійному нападі та зґвалтуванні неповнолітньої дівчини. Про це повідомили у прес-службі поліції Хмельницької області', '«Ввечері 4 липня чоловік напав на 15-річну дівчину прямо на вулиці. Погрожуючи предметом, схожим на пістолет, спочатку зґвалтував школярку, а потім відібрав 200 гривень, які дівчина мала при собі», - повідомили у правоохоронців.', 'Працівники Шепетівського райуправління поліції оперативно відреагували на вчинення злочину та упродовж доби встановили особу нападника.', 'Ним виявився 23-річний чоловік, який у скоєному зізнався та видав правоохоронцям стартовий пістолет «SUR 2608 9 мм», яким залякував потерпілу.', 'Наразі підозрюваний затриманий в порядку статті 208 Кримінального процесуального кодексу України.', 'Чоловіку оголосили підозру за ч. 3 ст. 152 (Зґвалтування неповнолітньої особи) та ч. 4 ст. 187 (Розбій, вчинений в умовах воєнного стану) Кримінального кодексу України.', '', '', 'Слідчі внесли клопотання про обрання йому запобіжного заходу у вигляді тримання під вартою.', ' ', 'varta1.com.ua: Новини', 'Ярошенко Олена']"
2023-07-07,"['Сьогодні, 7 липня, у двох міських лікарнях Львова на лікуванні перебувають шестеро постраждалих внаслідок вчорашньої ракетної атаки на місто. Про це повідомляє пресслужба ЛМР.', 'Вони мають осколкові поранення, різні ушкодження обличчя та кінцівок, їх стан - середньої важкості.\n \n«Постраждалі отримали зовнішні ушкодження обличчя та кінцівок через уламки скла чи інших важких предметів, які могли падати і вдарити. Також це осколкові поранення. Стан – середньої важкості, вони продовжують лікування», - повідомив Сергій Іщук, завідувач приймального відділення лікарні святого Пантелеймона.', 'Тут на лікуванні залишається четверо пацієнтів: жінка та троє чоловіків.', 'У лікарні святого Луки медики продовжують лікувати двох пацієнток. «Госпіталізовані мають травми кінцівок, тулуба, різані рани. Їх стан задовільний, вони одужують», - зазначає Василь Трунквальтер, директор лікарні святого Луки. ', 'Читайте також: у Львові збільшилася кількість загиблих через ракетний удар росії.', 'За прогнозами медиків, стаціонарне лікування триватиме ще декілька днів. Наймолодшому пацієнту – 20 років, найстаршій – 74 роки.', 'varta1.com.ua: Новини', 'Ольга Чобіт']"
2023-07-07,"['Внаслідок ракетного удару на вулиці Стрийській у Львові загинули двоє працівників Львівських міських електромереж ПрАТ «Львівобленерго» — Ольга Дудка та Валерій Рябцев. Про це повідмоляє Львівобленерго.', 'Ольга Романівна Дудка народилася 1 грудня 1957 року. Працювала контролером Личаківської групи ВРПС ЛМЕМ з грудня 2000 року до завершення 2018 року, після чого вийшла на пенсію.', 'Валерій Анатолійович Рябцев народився 20 лютого 1956 року. Від січня 2008 року до 22 лютого 2016 року працював електромонтером виробничої лабораторії ЛМЕМ.', 'Вночі 6 липня 2023 року ракета окупантів позбавила їх життя разом із іншими мешканцями будинку на вулиці Стрийській у Львові.', '', '', 'Валерій Рябцев загинув разом із своєю дружиною Ольгою.', 'varta1.com.ua: Новини', 'Ольга Чобіт']"
2023-07-07,"[""Після завершення війни Україна відмовиться від призову в тому вигляді, як він існував до війни. Про це повідомив у телеграм-каналі прем'єр-міністр України Денис Шмигаль."", 'Під час наради з віцепрем’єр-міністром Михайлом Федоровим, секретарем РНБО Олексієм Даніловим, міністрами Олексієм Резніковим, Ігорем Клименком, Олександром Камишіним та представниками ЗСУ щодо реформи безпеки та оборони «Український щит» обговорили бачення Нової української армії.', '«Першочергове завдання - це завершити перехід Сил безпеки та оборони України на стандарти НАТО. В усіх аспектах: від техніки та зброї до планування і аналізу. Після завершення війни Україна відмовиться від призову в тому вигляді, як він існував до війни. Основою нашої оборони стане професійна армія. Одночасно буде створено два компоненти резерву. Всі військовозобов’язані будуть постійно проходити обов’язкові навчання за визначеними військовими спеціальностями», - написав Шмигаль. ', 'За його словами, ще один компонент Нової української армії - це розвиток ВПК. Україна вже активно нарощує виробництво зброї та техніки.', 'Читайте також: кількість загиблих внаслідок ракетного удару у Львові знову збільшилася', ""«Більше того, запускаємо нові програми та проєкти. Приватний бізнес має стати повноцінним партнером держави у воєнно-промисловому комплексі. Буде створена нова система оборонних закупівель, яка включатиме активну взаємодію з міжнародним партнерами та довгострокове бюджетне планування», - додав прем'єр. "", ' ', 'Він зазначив, що під час засідання окремо порушували питання військово-патріотичного виховання та розбудови системи національного спротиву. ', 'varta1.com.ua: Новини', 'Ольга Чобіт']"
2023-07-07,"['Чоловік та 9-річна дівчинка з Харківщини, які загинули від удару блискавки у Карпатах, сходили на Говерлу у складі туристичної групи з 26 людей у супроводі гіда. Про це повідомила речниця Держслужби з надзвичайних ситуацій в Івано-Франківській області Христина Перцович.', '“На вершині сім’я відлучилася від основного складу групи та почала спуск самостійно. В той час почалася гроза і, ймовірно, удар блискавки спричинив загибель чоловіка та 9-річної дівчинки”, — сказала Христина Перцович.\n \nМаму дитини в шоковому стані госпіталізували в Яремчанську лікарню. Медики надали їй необхідну допомогу та відпустили. Жінку забрали родичі.', 'Загиблі - дівчинка 2014 року народження та чоловік 1986 року з Харківської області.', 'varta1.com.ua: Новини', 'Ольга Чобіт']"
2023-07-07,"['Загрозу катастрофи на Запорізькій АЕС повністю не знято, поки там російські окупанти. Про це заявив начальник Головного управління розвідки Міністерства оборони України Кирило Буданов.', '«Зараз у результаті здійснення певних дій рівень загрози техногенної катастрофи на Запорізькій АЕС йде на спад. Про повне усунення ризиків на атомній станції поки не йдеться, оскільки ЗАЕС продовжують контролювати російські окупанти», - сказав він.', 'Читайте також: росія вивела частину своїх військ із ЗАЕС', 'За його словами, поки станція зайнята російськими військами, це може повторитися будь-коли, якщо вони захочуть.', 'varta1.com.ua: Новини', 'Ольга Чобіт']"
2023-07-07,"['У суботу, 8 липня,  у Брюховичах громада попрощається з Героєм Андрієм Кунинцем, який загинув, захищаючи Україну від російських окупантів. Про це повідмоляє пресслужба ЛМР.', 'Парастас розпочнеться о 12:00 на подвір’ї будинку (вул. Бурштинова, 13, смт. Брюховичі). О 13:00 відбудеться Чин похорону у Храмі Різдва Пресвятої Богородиці (вул. о. Іздрика, 6, смт. Брюховичі). Поховають Героя на місцевому цвинтарі у Брюховичах.', 'Біографічна довідка Героя', 'Андрій Кунинець (04.10.1989-24.06.2023) Уродженець селища міського типу Брюховичі. ', 'Навчався у Середній загальноосвітній школі №41 міста Львова. Здобував освіту у Національному університеті «Львівська політехніка». Працював у будівельній сфері, займався ремонтами та гіпсовою ліпниною. Протягом останнього року працював на підприємстві із виготовлення гранітних пам’ятників.', 'У вільний час захоплювався літературою та рибальством, обожнював проводити час із дітьми.', 'Із початком повномасштабного вторгнення російської федерації став на захист Батьківщини до лав 5-ї окремої штурмової бригади оперативного командування «Північ»Сухопутних військ Збройних Сил України. Виконував бойові завдання на Донеччині.', 'У Андрія Кунинця залишилися мама, дружина та двоє дітей.', 'varta1.com.ua: Новини', 'Ольга Чобіт']"
2023-07-07,"['Станом на 7 липня четверо людей померло та ще семеро знаходяться у лікарні у тяжкому стані через отруєння алкоголем на Одещині. Про це повідомило Головне управління Національної поліції в Одеській області.', 'Подія сталася 5 липня у селі Старостине. Того дня медичним працівникам швидкої допомоги один за одним довелося госпіталізовувати місцевих жителів, яким стало зле після вживання горілки кустарного виробництва з тамтешнього магазину.', 'Троє людей у лікарні померли. Смерть ще одного чоловіка медики констатували за місцем його мешкання.', 'Попередня причина смерті громадян - токсична дія та отруєння хімічними речовинами. Семеро людей наразі залишаються у критичному стані.', 'Читайте також: жінка заявила про побиття представником Закарпатського ОТЦК (ФОТО)', 'Жінку, яка реалізувала сурогатний алкоголь, правоохоронці затримали в порядку статті 208 Кримінального процесуального кодексу України за підозрою у реалізації незаконно виготовлених спиртовмісних речовин, що призвело до отруєння та смерті людей.', ' ', 'У рамках проваджень, розпочатих слідчими поліції за статтями 115 та 204 Кримінального кодексу України, призначено низку судових експертиз.', 'varta1.com.ua: Новини', 'Ольга Чобіт']"
2023-07-07,"['У середу, 5 липня, захищаючи Україну від російських окупантів, загинув юний Захисник з Гніздичева молодший сержант Ференс Назарій Тарасович 2000 року народження.', 'Біда сталася в районі н.п. Кліщіївка Бахмутського району Донецької області. Назарій отримав мінно-вибухове осколкове поранення несумісне з життям і загинув.', 'Відповідно до розпорядження селищного голови, з метою належного вшанування пам’яті загиблого військовослужбовця Збройних сил України, жителя смт. Гніздичів – Ференса Назара Тарасовича, 7-9 липня 2023 року в Гніздичівській територіальній громаді оголошено Днями жалоби.', '8 липня 2023 року через населені пункти Жидачівської громади, села Дем’янка-Наддністрянська, Заріччя, Іванівці та місто Жидачів, рухатиметься жалобний кортеж.', 'Читайте також: сестра журналіста Варта1, яку вбила російська ракета, готувалася до весілля.', 'По місту Жидачеву жалобний кортеж рухатиметься від мостового переходу через р. Стрий вул. М. Шашкевича (зупинка біля храму Воскресіння Господнього), вул. Кобзаревою, вул. Данила Галицького та вул. Січових Стрільців – дальше до смт. Гніздичева. ', 'varta1.com.ua: Новини', 'Ольга Чобіт']"
2023-07-07,"['Внаслідок нічної ворожої атаки 6 липня 2023 року пошкоджено майно жителів громади у селах Хильчиці та Велика Вільшаниця. Про це повідомила Золочівська міська рада Золочівського району Львівської області.', 'У селі Велика Вільшаниця пошкоджено 9 житлових будинків та 10 господарських будівель', 'У селі Хильчиці 5 житлових будинків та 2 господарських будівлі.', 'Читайте також: у Львові сьогодні та завтра прощатимуться з Анастасією Сенів та Мирославою Садовою', 'Також пошкоджене приміщення бібліотеки с. Хильчиці.', 'varta1.com.ua: Новини', 'Ольга Чобіт']"
2023-07-07,"['Прикордоннику повідомили про підозру у побитті підлеглого на Львівщині. Про це повідомляє прес-служба Спеціалізована прокуратура у сфері оборони Західного регіону', '«За даними слідства, 24 червня 2023 року, близько 18 години, 32-річний військовослужбовець застосував фізичне насильство до підлеглого, щоб провчити та підвищити власний авторитет серед співслужників», - йдеться у повідомленні.', 'Як наслідок, постраждалий отримав травми у вигляді розриву печінки та забою підшлункової залози.', 'На цей час вирішується питання про обрання для нього міри запобіжного заходу.', '«За процесуального керівництва Львівської спеціалізованої прокуратури у сфері оборони Західного регіону повідомлено про підозру капітану прикордонної служби за фактом застосування військовою службовою особою насильства щодо підлеглого (ч.5 ст.426-1 КК України)», - додали в САП', 'Досудове розслідування здійснюють слідчі Теруправління ДБР у Львові за оперативного супроводу співробітників відомства та відділу внутрішньої та власної безпеки по 1 прикордонному загону Державна прикордонна служба України.', 'Додамо, що санкція інкримінованої статті передбачає від 8 до 12 років позбавлення волі.', 'Читайте також: військовослужбовець зі Львова заявив про жорстоке побиття капітаном (ФОТО)', 'Що передувало', 'У мережі набув розголосу скандал з побиттям військового Назара Матвіїшина. Про цей випадок повідомила його сестра Марта Матвіїшин.', '', '', 'Військовослужбовець в/ч 9937 солдат Матвіїшин Назар Михайлович був госпіталізований у Львівський військовий госпіталь із діагнозом гострий апендицит, однак в ході операції, лікарями виявлено сильні пошкодження внутрішніх органів.', ' ', 'varta1.com.ua: Новини', 'Ярошенко Олена']"
2023-07-07,"['У суботу, 8 липня, Львівська громада попрощається з трьома загиблими внаслідок ракетного удару росіян по житловому будинку у Львові. Про це повідомляє пресслужба ЛМР.', 'Чин похорону Анастасії Сенів та Мирослави Садової розпочнеться об 11:00 у Латинському катедральному соборі на пл. Катедральній. Поховають загиблих на Голосківському кладовищі.', 'Прощання з Надією Спіжевською розпочнеться о 14:00 у Каплиці Різдва Івана Хрестителя (вул. Пекарська, 52). Поховають загиблу на Ряснянському цвинтарі.', 'Біографічні довідки', 'Сенів Анастасія Андріївна (19.03.1991-06.07.2023). Львів’янка. ', '', '', ""Навчалась у Комунальному закладі Львівської обласної ради «Львівська загальноосвітня санаторна школа №1 І-ІІІ ступенів імені Богдана-Ігоря Антонича». Здобувала освіту у Одеській національній академії зв'язку імені Олександра Степановича Попова."", 'Після повернення до Львова працювала у 26-му відділенні «Укрпошти», згодом – у Головному відділенні поштового зв’язку. У вільний час захоплювалася вишиванням бісером, літературою, обожнювала тварин. Активно займалася волонтерською діяльністю.', 'Разом із мамою трагічно загинула 6 липня внаслідок ракетного удару по Львову. У Анастасії Сенів залишилися бабуся та брат з родиною.', 'Садова Мирослава Андріївна (24.07.1963-06.07.2023). Народилася у селі Чертіж Львівської області.', '', '', 'Навчалася у Монастирецькому закладі загальної середньої освіти І - ІІІ ступенів. Згодом здобувала професійно-технічну освіту у місцевому училищі. ', 'У 1985 році переїхала до Львова. Тут протягом багатьох років працювала у відділі зв’язку Товариства з обмеженою відповідальністю «Львівський автобусний завод» та на хлібопекарні. Захоплювалася кулінарією та вишиванням.', 'Разом із донькою трагічно загинула 6 липня внаслідок ракетного удару по Львову. У Мирослави Садової залишилися мама, сестра, брат та син із родиною.', 'Спіжевська Надія Володимирівна (11.08.1967-06.07.2023) Львів’янка. ', '', '', 'Навчалась у Середній загальноосвітній школі №11 міста Львова. Здобувала освіту у Державному навчальному закладі «Львівське вище професійне училище торгівлі та сфери послуг».', 'У мирний час працювала у торгівельній сфері. Була винятково доброю та доброзичливою людиною.', 'Трагічно загинула 6 липня внаслідок ракетного удару по Львову. У Надії Спіжевської залишилися син, донька, брат та троє онуків.', 'varta1.com.ua: Новини', 'Ольга Чобіт']"
2023-07-07,"['В четвер, 6 липня мережу облетіло відео, на якому священник з хрестом кидається під кортеж президента України під час його візиту в Болгарію. Правоохоронці відтягують чоловіка з дороги. Як виявилося, «священник» насправді немає відношення до Церкви. Про це передає болгарське видання Телеграф.', 'У столиці Болгарії Софії скандальний політик маргінальної проросійської партії «Відродження» Атанас Стефанов, одягнувши на себе рясу, з хрестом у руках напав на кортеж Зеленського.', ""На опублікованому відео в Мережі, яке швидко підхопили російські пропагандистські пабліки, видно, як чоловік у рясі накинувся на кортеж президента Володимира Зеленського, який в'їхав до столиці Болгарії Софії. Пропагандисти одразу заявили, що це був православний болгарський священник, який «оголосив Зеленському анафему»."", 'На відео він розмахує хрестом та кричить: «Анафема, анафема, Зеленський, фашистська Україна, західні сатаністи».', '', '', 'Поліцейські зупинили його та відвели вбік.', 'Що відомо про так званого «священника»', '', '', 'Проте, як виявилося, на відео чоловік зовсім не має ніякого відношення до Церкви. Це скандальний болгарський політик Атанас Стефанов, який відомий своєю симпатією до РФ.', ""Він також очолює болгарське громадське об'єднання «Друзі росії»."", 'Виявилося, що це не перша антиукраїнська провокація Стефанова.', 'У березні цього року він викинув з балкона мерії Софії прапор України, вигукуючи «Геть із Болгарії фашистські українці».', ' ', 'varta1.com.ua: Новини', 'Ярошенко Олена']"
