,word,frequency
0,—,54
1,липня,52
2,новини,50
3,comua,50
4,україни,48
5,поліції,21
6,області,18
7,вул,17
8,повідомляє,15
9,год,14
10,ольга,13
11,львові,13
12,повідомили,12
13,чобіт,11
14,львова,11
15,людей,10
16,»,10
17,чоловік,10
18,президента,10
19,району,9
20,різних,9
21,місці,9
22,ст,9
23,стан,9
24,міста,9
25,російські,9
26,№,9
27,зсу,9
28,повідомив,8
29,львівської,8
30,поранення,8
31,–,8
32,днів,8
33,зазначив,8
34,управління,8
35,лікарні,8
36,мають,8
37,отримав,8
38,удару,8
39,оборони,8
40,будинку,8
41,вулиці,7
42,війни,7
43,окупантів,7
44,читайте,7
45,ілона,7
46,пресслужба,7
47,фото,7
48,зв’язку,7
49,кримінального,7
50,«»,7
51,селі,7
52,кодексу,7
53,мартинюк,7
54,життя,7
55,події,7
56,україну,7
57,країн,7
58,йдеться,7
59,пакетів,6
60,випадку,6
61,пластикових,6
62,коновальця,6
63,загинув,6
64,позбавлення,6
65,волі,6
66,«,6
67,сил,6
68,ракетного,6
69,загиблих,6
70,нагадаємо,6
71,дороги,6
72,група,6
73,сталася,6
74,травми,6
75,має,6
76,призову,5
77,суд,5
78,ids«»,5
79,готелю,5
80,комісії,5
81,«file»,5
82,лмр,5
83,річного,5
84,процесуального,5
85,дітей,5
86,затримали,5
87,троє,5
88,завдання,5
89,жінка,5
90,повідомлялося,5
91,загинули,5
92,адер,5
93,повідомленні,5
94,голова,5
95,кортеж,5
96,ушкодження,5
97,дтп,5
98,спорту,5
99,правоохоронці,5
100,жінку,5
101,органів,5
102,злочину,5
103,встановили,5
104,відділу,5
105,безпеки,5
106,наголосив,5
107,питання,5
108,грудня,5
109,україна,5
110,результаті,5
111,стати,5
112,новий,5
113,слідчі,5
114,конвенції,5
115,розслідування,5
116,польщі,5
117,рейс,5
118,києва,5
119,пише,5
120,магазин,5
121,даними,5
122,результатами,4
123,сенів,4
124,парасейлінгу,4
125,батька,4
126,вагонах,4
127,рішення,4
128,парк,4
129,йде,4
130,прокуратури,4
131,чоловіка,4
132,дімітрі,4
133,сина,4
134,техніки,4
135,напрямку,4
136,сестра,4
137,залишилися,4
138,передбачає,4
139,планується,4
140,допомогу,4
141,компанії,4
142,видів,4
143,складі,4
144,зокрема,4
145,словами,4
146,відомо,4
147,можливість,4
148,групи,4
149,рішенням,4
150,річний,4
151,готелі,4
152,стані,4
153,загрозу,4
154,наразі,4
155,кк,4
156,дня,4
157,ситуацію,4
158,військовослужбовець,4
159,пакети,4
160,заборонено,4
161,угорщини,4
162,президент,4
163,статті,4
164,поліцейські,4
165,питань,4
166,написав,4
167,центру,4
168,мешканців,4
169,окупанти,4
170,системи,4
171,життю,4
172,військ,4
173,поліція,4
174,велика,4
175,кількість,4
176,мешканця,4
177,гаїті,4
178,розповів,4
179,начальник,4
180,освіту,4
181,порядку,4
182,рятувальники,4
183,працювала,4
184,держави,4
185,помер,4
186,смт,4
187,разом,4
188,вчинення,4
189,повідомила,4
190,приєднання,4
191,ова,4
192,атаки,4
193,поїзд,4
194,представники,4
195,будинок,4
196,продовжують,4
197,вигляді,4
198,володимир,4
199,додому,4
200,відео,4
201,забруднення,4
202,сайті,4
203,садовий,4
204,російських,4
205,сфері,4
206,міністр,4
207,інформацію,4
208,патрульної,4
209,станом,4
210,виконала,3
211,працював,3
212,посиланням,3
213,регіону,3
214,завершення,3
215,маємо,3
216,транзиту,3
217,спільного,3
218,військового,3
219,криму,3
220,адресою,3
221,підлеглого,3
222,загрози,3
223,міністерства,3
224,стабільний,3
225,відповідних,3
226,олена,3
227,лікування,3
228,додали,3
229,закладу,3
230,двоє,3
231,повідомляють,3
232,служби,3
233,громадян,3
234,заходів,3
235,освіти,3
236,»file«,3
237,ярошенко,3
238,падіння,3
239,мережі,3
240,ids»,3
241,українці,3
242,львівського,3
243,допомогти,3
244,квитків,3
245,типу,3
246,інформація,3
247,проїзд,3
248,дані,3
249,розпочнеться,3
250,поранено,3
251,студентський,3
252,армії,3
253,син,3
254,парашуті,3
255,сергій,3
256,проживання,3
257,зони»,3
258,категорії,3
259,отримала,3
260,послугу,3
261,облаштувати,3
262,травм,3
263,розвідки,3
264,четверо,3
265,операції,3
266,об’єднаних,3
267,житлових,3
268,виклик,3
269,святого,3
270,рябцев,3
271,заявили,3
272,кінцівок,3
273,облаштування,3
274,середньої,3
275,валерій,3
276,медики,3
277,гайдай,3
278,російської,3
279,хильчиці,3
280,пільговий,3
281,працівники,3
282,відпочинок,3
283,тилу,3
284,сергія,3
285,транспорту,3
286,території,3
287,острова,3
288,пожежі,3
289,івасик,3
290,повістки,3
291,інформує,3
292,жах,3
293,заявив,3
294,абрамовський,3
295,торгівлі,3
296,роман,3
297,захисту,3
298,повістку,3
299,досудове,3
300,хрестом,3
301,села,3
302,фасаді,3
303,двері,3
304,львівській,3
305,залишила,3
306,сміття,3
307,засіданні,3
308,розгляду,3
309,квартирі,3
310,погулянка,3
311,захисник,3
312,результат,3
313,збройних,3
314,вашингтона,3
315,засуджено,3
316,завтра,3
317,дснс,3
318,пресслужбі,3
319,невдовзі,3
320,відділення,3
321,отвору,3
322,поховають,3
323,операцій,3
324,вогнепальне,3
325,зловмисники,3
326,дії,3
327,радакін,3
328,країни,3
329,автомобіль,3
330,сказу,3
331,вночі,3
332,аварії,3
333,обох,3
334,інцидент,3
335,лютого,3
336,спільно,3
337,брюховичі,3
338,генштаб,3
339,голови,3
340,генерала,3
341,максим,3
342,василь,3
343,національної,3
344,головного,3
345,виявилося,3
346,сільської,3
347,козицький,3
348,додав,3
349,начальника,3
350,зазначає,3
351,болгарії,3
352,софії,3
353,надійшло,3
354,повідомлення,3
355,державної,3
356,«за,3
357,парку,3
358,пригода,3
359,воду,3
360,останні,3
361,церкви,3
362,оперативно,3
363,моршинська,3
364,вимогам,3
365,ігор,3
366,складу,3
367,здобувала,3
368,районі,3
369,різні,3
370,роки,3
371,порушення,3
372,помешкання,3
373,львівщині,3
374,хочуть,3
375,закладі,3
376,скаргу,3
377,дорожньотранспортна,3
378,столиці,3
379,госпіталізували,3
380,туристи,3
381,донецької,3
382,смерті,3
383,підозру,3
384,отруєння,3
385,браун,3
386,львову,3
387,очільник,3
388,січня,3
389,брат,3
390,загинула,3
391,трагічно,3
392,зеленського,3
393,володимира,3
394,заес,2
395,«серед,2
396,повідомлено,2
397,дія,2
398,дій,2
399,відреагували,2
400,квиток,2
401,одразу,2
402,туроператора,2
403,надається,2
404,подорожувати,2
405,шмигаль,2
406,олексієм,2
407,ситуації,2
408,прибули,2
409,випадок,2
410,підкреслив,2
411,обласної,2
412,луганській,2
413,піти,2
414,«я,2
415,якнайшвидшого,2
416,президентів,2
417,плечима,2
418,блискавки,2
419,захищаючи,2
420,студента,2
421,дівчинка,2
422,надає,2
423,враження,2
424,попрощається,2
425,лікарями,2
426,відмовиться,2
427,громада,2
428,підтверджує,2
429,існував,2
430,міжнародних,2
431,брюховичах,2
432,максимально,2
433,ліквідації,2
434,місця,2
435,суботу,2
436,поліцією,2
437,думаю,2
438,одужання,2
439,перші,2
440,ризики,2
441,перекрито,2
442,полону,2
443,активно,2
444,туристки,2
445,катастрофи,2
446,право,2
447,особового,2
448,роздавати,2
449,перцович,2
450,христина,2
451,класу,2
452,надзвичайної,2
453,зброї,2
454,площею,2
455,народження,2
456,парашут,2
457,мова,2
458,мали,2
459,катання,2
460,запорізькій,2
461,буряка,2
462,аес,2
463,доступні,2
464,самостійно,2
465,нової,2
466,знизує,2
467,вплив,2
468,особу,2
469,працівників,2
470,візит,2
471,студентських,2
472,переходу,2
473,пожежної,2
474,забрали,2
475,одиниць,2
476,боряться,2
477,вищої,2
478,української,2
479,виявлено,2
480,збільшилася,2
481,квитки,2
482,прокуратура,2
483,острову,2
484,сигнал,2
485,квартири,2
486,дверного,2
487,віконного,2
488,відповідне,2
489,вийшла,2
490,примикання,2
491,погодження,2
492,міська,2
493,рада,2
494,бойові,2
495,зміїний,2
496,російську,2
497,зону,2
498,пропаганду,2
499,осбб,2
500,«під,2
501,жінці,2
502,регулярно,2
503,загарбники,2
504,голосіївського,2
505,пістолет,2
506,інфраструктури,2
507,підпільно,2
508,здавалась,2
509,оренду,2
510,проведення,2
511,різноманітних,2
512,масових,2
513,охочим,2
514,напав,2
515,власник,2
516,дане,2
517,голуба,2
518,неповнолітньої,2
519,вирок,2
520,кремінній,2
521,олександра,2
522,дитини,2
523,орлами»,2
524,проведено,2
525,постраждалих,2
526,майбутніх,2
527,житлового,2
528,нападу,2
529,резиденцію,2
530,карантин,2
531,дубенщині,2
532,заяву,2
533,адмірал,2
534,керівництва,2
535,стався,2
536,голосів,2
537,зміїному,2
538,частина,2
539,нападників,2
540,українських,2
541,загибель,2
542,засудив,2
543,вбивство,2
544,росії,2
545,рда,2
546,відбулася,2
547,міжнародним,2
548,керівництвом,2
549,тварин,2
550,пропагандистські,2
551,нтв,2
552,телебачення,2
553,місцем,2
554,росії»,2
555,львівських,2
556,центр,2
557,введено,2
558,мирогощанської,2
559,острів,2
560,навчання,2
561,івана,2
562,телеканалів,2
563,змогу,2
564,сили,2
565,засідання,2
566,військові,2
567,програм,2
568,обговорили,2
569,офісу,2
570,працювати,2
571,побив,2
572,отриманих,2
573,подій,2
574,поліцію,2
575,самбірського,2
576,удар,2
577,тіло,2
578,виїхали,2
579,реагування,2
580,останніх,2
581,побільшало,2
582,районного,2
583,званих,2
584,виявили,2
585,«хлопків»,2
586,тілесні,2
587,ворог,2
588,смерть,2
589,представника,2
590,луки,2
591,жорстоко,2
592,медиків,2
593,купила,2
594,чоловіків,2
595,ракета,2
596,підтвердження,2
597,тривають,2
598,україні,2
599,реалізації,2
600,осіб,2
601,лмем,2
602,буряк,2
603,народилася,2
604,документа,2
605,повідмоляє,2
606,злетів,2
607,обрив,2
608,нацполіція,2
609,обставини,2
610,дудка,2
611,місце,2
612,негайно,2
613,жінки,2
614,стрийській,2
615,катером,2
616,загиблого,2
617,катері,2
618,місто,2
619,упав,2
620,озеро,2
621,«уніан»,2
622,олега,2
623,ніколенко,2
624,відпочинку,2
625,талти,2
626,вармінськомазурському,2
627,воєводстві,2
628,отримали,2
629,лікуванні,2
630,міських,2
631,необхідну,2
632,заходу,2
633,запобіжного,2
634,обрання,2
635,вартою,2
636,повністю,2
637,ході,2
638,суду,2
639,гелікоптер,2
640,терор,2
641,закордонних,2
642,цивільних,2
643,катер,2
644,головою,2
645,фактом,2
646,водному,2
647,кримінальне,2
648,провадження,2
649,умисне,2
650,луганщини,2
651,санкція,2
652,туристка,2
653,важкості,2
654,область,2
655,обличчя,2
656,затриманий,2
657,запобіжний,2
658,захід,2
659,триває,2
660,осколкові,2
661,проблеми,2
662,вирішується,2
663,повідомило,2
664,матвіїшин,2
665,справи,2
666,рівень,2
667,статтями,2
668,зробити,2
669,отримання,2
670,проводити,2
671,рушниці,2
672,серйозно,2
673,комплексі,2
674,відповідні,2
675,об’єкт,2
676,лав,2
677,розпорядження,2
678,частину,2
679,підозрюваного,2
680,білошицький,2
681,мешканці,2
682,ім,2
683,вимоги,2
684,«львів»,2
685,відбудеться,2
686,плани,2
687,народився,2
688,повне,2
689,головний,2
690,антон,2
691,вирушатиме,2
692,парних,2
693,числах,2
694,реалізувати,2
695,запоріжжя,2
696,прибуватиме,2
697,садової,2
698,мирослави,2
699,анастасії,2
700,ужгорода,2
701,процес,2
702,операцію,2
703,західного,2
704,днями,2
705,громадяни,2
706,відкрили,2
707,забезпечують,2
708,громади,2
709,галицького,2
710,ворожої,2
711,назара,2
712,загарбників,2
713,служба,2
714,державна,2
715,означає,2
716,державних,2
717,фінансів,2
718,виконання,2
719,штабі,2
720,несуть,2
721,назарій,2
722,гніздичева,2
723,рф,2
724,різко,2
725,оновлено,2
726,федерації,2
727,рухатиметься,2
728,жалобний,2
729,юрій,2
730,центром,2
731,львів’ян,2
732,мобілізації,2
733,архітектор,2
734,господарських,2
735,аеропорту,2
736,авіакомпанія,2
737,будинків,2
738,вільшаниця,2
739,відповідь,2
740,пошкоджено,2
741,адміністрації,2
742,вебресурсів,2
743,створити,2
744,українські,2
745,військовослужбовці,2
746,атака,2
747,захисників,2
748,сильні,2
749,героєм,2
750,прощання,2
751,захисника,2
752,андріївна,2
753,роботі,2
754,співробітників,2
755,служб,2
756,сіл,2
757,політик,2
758,скандальний,2
759,перевагу,2
760,гроші,2
761,речі,2
762,болгарське,2
763,відношення,2
764,отримати,2
765,воєнного,2
766,стану,2
767,обере,2
768,заходи,2
769,встановлюють,2
770,священник,2
771,довкілля,2
772,відділі,2
773,атанас,2
774,стефанов,2
775,стало,2
776,грошей,2
777,веде,2
778,львівщини,2
779,суму,2
780,особи,2
781,значну,2
782,болгарський,2
783,річну,2
784,засобів,2
785,годин,2
786,розкриття,2
787,зупинили,2
788,стрий,2
789,викрали,2
790,затриманих,2
791,система,2
792,невідомі,2
793,причетності,2
794,обмеження,2
795,обігу,2
796,міністрів,2
797,згодом,2
798,пластикові,2
799,товщиною,2
800,мікрон,2
801,будівлі,2
802,використовувати,2
803,вишиванням,2
804,захоплювалася,2
805,продуктів,2
806,автомобілів,2
807,разі,2
808,відділенні,2
809,залишаються,2
810,придбали,2
811,імені,2
812,грн,2
813,ступенів,2
814,навчалась,2
815,львів’янка,2
816,прийняття,2
817,здоров’ю,2
818,передає,2
819,поширення,2
820,військовий,2
821,крадіжки,2
822,законопроект,2
823,причетних,2
824,першому,2
825,територіальній,2
826,громаді,2
827,захищати,2
828,послуг,2
829,окремої,2
830,родиною,2
831,бригади,2
832,парком,2
833,уточнив,2
834,заборону,2
835,бахмутського,2
836,«погулянка»,2
837,водойм,2
838,список,2
839,росія,2
840,перевірити,2
841,товарів,2
842,побиття,2
843,конвенцій,2
844,школі,2
845,загальноосвітній,2
846,середній,2
847,надали,2
848,річки,2
849,ситуація,2
850,covid,2
851,туристичної,2
852,користуватися,2
853,листі,2
854,потрапила,2
855,зони,2
856,зможе,2
857,причина,2
858,біда,2
859,водних,2
860,територію,2
861,тиси,2
862,здійснення,2
863,впоратися,2
864,допомоги,2
865,застосування,2
866,вільний,2
867,літературою,2
868,обсервацію,2
869,проходити,2
870,«львівська,2
871,«червоної,2
872,госпіталь,2
873,процедуру,2
874,водночас,2
875,перебувають,2
876,води,2
877,жителів,2
878,мохаммед,2
879,одеській,2
880,річок,2
881,місцевому,2
882,обмежень,2
883,семеро,2
884,«facebook»,2
885,туризму,2
886,проводить,2
887,громадянам,2
888,похорону,2
889,героя,2
890,витрати,2
891,президенту,2
892,дружина,2
893,селищі,2
894,кинули,2
895,державного,2
896,червня,2
897,європейської,2
898,різдва,2
899,цвинтарі,2
900,населення,2
901,бізнес,2
902,мама,2
903,оперативного,2
904,хассан,2
905,чин,2
906,боєприпасів,1
907,повідомити,1
908,dg,1
909,натовп,1
910,прийшли,1
911,церков,1
912,військовим,1
913,східниця,1
914,пункту,1
915,березня,1
916,уповільнюють,1
917,спірне,1
918,дшб,1
919,розпочати,1
920,практики,1
921,знищення,1
922,обстріляли,1
923,донеччину,1
924,складів,1
925,ворожих,1
926,глибокому,1
927,дшв,1
928,правильності,1
929,лисичанську,1
930,десантноштурмової,1
931,засумнівався,1
932,бога,1
933,координати,1
934,населеного,1
935,спрощеннями,1
936,очікується,1
937,плацдармом,1
938,рашистів,1
939,перевагами,1
940,окупантам,1
941,мирні,1
942,розстрілюють,1
943,телефонами,1
944,мобільними,1
945,батьків,1
946,людям,1
947,світанки,1
948,сфотографувати,1
949,вважаю,1
950,перш,1
951,спокійний,1
952,посмішки,1
953,сон,1
954,розташування,1
955,цілей,1
956,жили,1
957,спілкується,1
958,світла,1
959,бійцю,1
960,вибухових,1
961,наступу,1
962,«ти,1
963,майбутнє,1
964,луганська,1
965,військової,1
966,вважає,1
967,віддав,1
968,телефоном,1
969,пам’ять,1
970,вулиці»,1
971,розстрілювали,1
972,«доходило,1
973,прямого,1
974,шпигунства,1
975,дні,1
976,український,1
977,ефіру,1
978,запорізької,1
979,практично,1
980,вулицею,1
981,відпрацьованих,1
982,зміст,1
983,газів,1
984,русі,1
985,українцям,1
986,іноземних,1
987,тимчасового,1
988,потерпілих,1
989,прямотоком,1
990,вихлопні,1
991,переліку,1
992,статусів,1
993,«вілла,1
994,внесених,1
995,ускладнений,1
996,найбільшу,1
997,відсутній,1
998,шумопоглинач,1
999,низка,1
1000,мотоциклів,1
1001,тнт,1
1002,глушників,1
1003,працює,1
1004,патрульна,1
1005,випуску,1
1006,відповідає,1
1007,надав,1
1008,водіїв,1
1009,ображає,1
1010,продаж,1
1011,«варта,1
1012,запуск,1
1013,неприпустимим,1
1014,авто,1
1015,пропагандистських,1
1016,показ,1
1017,доведено,1
1018,феєрверків,1
1019,салютів,1
1020,піротехнічних,1
1021,керівник,1
1022,попередніми,1
1023,рівненської,1
1024,відома,1
1025,віталій,1
1026,законодавству,1
1027,коваль,1
1028,транспортних,1
1029,транскордонне,1
1030,конструкції,1
1031,відвідувачі,1
1032,переглядати,1
1033,заборона,1
1034,тнр,1
1035,«росія,1
1036,телеканали,1
1037,законопроектів,1
1038,законопроекту,1
1039,війні,1
1040,радою,1
1041,подивитися,1
1042,номерах,1
1043,верховною,1
1044,готельних,1
1045,громадських,1
1046,передувати,1
1047,служив,1
1048,лавах,1
1049,одшб,1
1050,рогатинській,1
1051,місцях,1
1052,транслювали,1
1053,алеся»,1
1054,пішов,1
1055,міжнародне,1
1056,салюти,1
1057,«ртр,1
1058,діятиме,1
1059,планета»,1
1060,гостя,1
1061,лова,1
1062,перевірив,1
1063,секретаріату,1
1064,скасування,1
1065,режиму,1
1066,прокоментував,1
1067,назвали,1
1068,буковинець,1
1069,працівник,1
1070,пропаганди,1
1071,євросоюзі,1
1072,ретрансляцію,1
1073,відвідувача,1
1074,регулятор,1
1075,державний,1
1076,запустив,1
1077,військкоматів,1
1078,радіомовлення,1
1079,процедур,1
1080,нацрада,1
1081,заборонені,1
1082,офіційно,1
1083,союзу,1
1084,герою,1
1085,«призовну,1
1086,комісію,1
1087,ма,1
1088,отримують,1
1089,оприлюднено,1
1090,громадян»,1
1091,місце»,1
1092,новому,1
1093,аксьонов,1
1094,доручив,1
1095,нижчого,1
1096,рівня,1
1097,районах,1
1098,безпечне,1
1099,відразу,1
1100,півострова,1
1101,йдуть,1
1102,фронт,1
1103,прямує,1
1104,батьком,1
1105,переміщення,1
1106,швидкого,1
1107,зливи,1
1108,безвіз,1
1109,обліку,1
1110,дата,1
1111,робота,1
1112,крим,1
1113,розпорядився,1
1114,півострові,1
1115,розпочинається,1
1116,підготовка,1
1117,оголошення,1
1118,відсіч,1
1119,ворогу,1
1120,поповнити,1
1121,склад,1
1122,європейського,1
1123,воюють,1
1124,країнами,1
1125,олег,1
1126,висновку,1
1127,повідомляються,1
1128,дійшли,1
1129,мобілізовувати,1
1130,подробиці,1
1131,вивчивши,1
1132,звільнення,1
1133,указ,1
1134,окупаційної,1
1135,складна,1
1136,аксьонова,1
1137,підтоплено,1
1138,єврокомісія,1
1139,власну,1
1140,державу»,1
1141,воєнний,1
1142,мінфін,1
1143,продовжує,1
1144,втілювати,1
1145,реформу,1
1146,митниці,1
1147,меті,1
1148,сервіс,1
1149,перетворити,1
1150,українську,1
1151,митницю,1
1152,невідомому,1
1153,хлопця,1
1154,відвезли,1
1155,василівці,1
1156,блокпосту,1
1157,квітня,1
1158,звільнили,1
1159,buryak»,1
1160,vlad,1
1161,«save,1
1162,сторінці,1
1163,повідомляться,1
1164,зручний,1
1165,«незважаючи,1
1166,новинних,1
1167,зведень,1
1168,кордон,1
1169,ухвалила,1
1170,здобувачів,1
1171,нині,1
1172,звільнений,1
1173,запрошення,1
1174,учасницею,1
1175,процедури,1
1176,митний,1
1177,спрощення,1
1178,формальностей,1
1179,владислав,1
1180,бізнесу,1
1181,новину,1
1182,добру,1
1183,війська,1
1184,товарами,1
1185,проходження,1
1186,«митного,1
1187,безвізу»,1
1188,російського,1
1189,прискоривши,1
1190,жахіть,1
1191,дозволить,1
1192,окупованому,1
1193,крок,1
1194,ігорю,1
1195,«кадирівських»,1
1196,«і,1
1197,місць,1
1198,сєвєродонецьку,1
1199,полягло,1
1200,генерального,1
1201,місії,1
1202,«кадирівців»,1
1203,оціночної,1
1204,блокпостів,1
1205,адекватні,1
1206,найбільше,1
1207,воювати,1
1208,фінальної,1
1209,наступного,1
1210,«укрзалізниця»,1
1211,зворотному,1
1212,облік»,1
1213,висновків,1
1214,пояснив,1
1215,онлайн,1
1216,чатботах,1
1217,касах,1
1218,серйозних,1
1219,центрів,1
1220,республіці,1
1221,воєначальників,1
1222,івасику»,1
1223,шукають,1
1224,зазначила,1
1225,оксана,1
1226,посилили,1
1227,покладають,1
1228,росіяни,1
1229,провину,1
1230,райдержадміністрації,1
1231,стосується,1
1232,митного,1
1233,оподаткування,1
1234,торгових,1
1235,директорату,1
1236,бої,1
1237,частини,1
1238,мешкав,1
1239,маленькі,1
1240,гайдая,1
1241,зустрів,1
1242,був»,1
1243,батько,1
1244,поранений,1
1245,волині,1
1246,грані,1
1247,луганської,1
1248,курсуватиме,1
1249,«інтерсіті»,1
1250,київ–львів,1
1251,військову,1
1252,службу,1
1253,надаючи,1
1254,підлеглим,1
1255,«з,1
1256,сторони,1
1257,хочемо,1
1258,окупації,1
1259,повної,1
1260,мобілізація,1
1261,автопригода,1
1262,проходила,1
1263,кримінальні,1
1264,порушили,1
1265,військкома,1
1266,джанкоя,1
1267,членства,1
1268,комісаріату,1
1269,білогірська,1
1270,сімферопольського,1
1271,військкомату,1
1272,представництві,1
1273,автономній,1
1274,посилив,1
1275,майбутнього,1
1276,строкову,1
1277,діях,1
1278,воєнних,1
1279,посадовими,1
1280,кримське,1
1281,фсб,1
1282,тримається,1
1283,робочої,1
1284,кримінальної,1
1285,комплектації,1
1286,комісара,1
1287,юрія,1
1288,лимаря,1
1289,соціальної,1
1290,зловживання,1
1291,повноваженнями,1
1292,участь,1
1293,прийнято,1
1294,марченко,1
1295,єс»,1
1296,хабаря,1
1297,«фокус»,1
1298,силовики,1
1299,лимар,1
1300,хабарі,1
1301,звільняв,1
1302,кримчан,1
1303,підтримки,1
1304,зіткнулися,1
1305,зеленський,1
1306,жорстоку,1
1307,належного,1
1308,пам’яті,1
1309,військовослужбовця,1
1310,жителя,1
1311,гніздичів,1
1312,ференса,1
1313,тарасовича,1
1314,гніздичівській,1
1315,оголошено,1
1316,жалоби,1
1317,населені,1
1318,пункти,1
1319,жидачівської,1
1320,дем’янканаддністрянська,1
1321,заріччя,1
1322,іванівці,1
1323,жидачів,1
1324,журналіста,1
1325,вбила,1
1326,вшанування,1
1327,метою,1
1328,рамках,1
1329,селищного,1
1330,розпочатих,1
1331,слідчими,1
1332,«друзі,1
1333,призначено,1
1334,низку,1
1335,судових,1
1336,експертиз,1
1337,юний,1
1338,молодший,1
1339,сержант,1
1340,ференс,1
1341,обєднання,1
1342,тарасович,1
1343,нп,1
1344,кліщіївка,1
1345,мінновибухове,1
1346,осколкове,1
1347,несумісне,1
1348,життям,1
1349,російська,1
1350,готувалася,1
1351,весілля,1
1352,місту,1
1353,мирославою,1
1354,садовою,1
1355,пошкоджене,1
1356,приміщення,1
1357,бібліотеки,1
1358,прикордоннику,1
1359,побитті,1
1360,спеціалізована,1
1361,слідства,1
1362,години,1
1363,застосував,1
1364,фізичне,1
1365,насильство,1
1366,провчити,1
1367,підвищити,1
1368,власний,1
1369,авторитет,1
1370,анастасією,1
1371,очолює,1
1372,прощатимуться,1
1373,данила,1
1374,жидачеву,1
1375,мостового,1
1376,шашкевича,1
1377,зупинка,1
1378,храму,1
1379,воскресіння,1
1380,господнього,1
1381,кобзаревою,1
1382,січових,1
1383,будівель,1
1384,стрільців,1
1385,дальше,1
1386,нічної,1
1387,майно,1
1388,селах,1
1389,золочівська,1
1390,золочівського,1
1391,громадське,1
1392,проваджень,1
1393,призвело,1
1394,наслідок,1
1395,гіпсовою,1
1396,останнього,1
1397,підприємстві,1
1398,виготовлення,1
1399,гранітних,1
1400,пам’ятників,1
1401,захоплювався,1
1402,антиукраїнська,1
1403,перша,1
1404,рибальством,1
1405,обожнював,1
1406,дітьми,1
1407,початком,1
1408,повномасштабного,1
1409,вторгнення,1
1410,захист,1
1411,батьківщини,1
1412,штурмової,1
1413,командування,1
1414,«північ»сухопутних,1
1415,ліпниною,1
1416,ремонтами,1
1417,речовин,1
1418,займався,1
1419,бурштинова,1
1420,провокація,1
1421,храмі,1
1422,пресвятої,1
1423,богородиці,1
1424,іздрика,1
1425,біографічна,1
1426,довідка,1
1427,андрій,1
1428,кунинець,1
1429,уродженець,1
1430,селища,1
1431,міського,1
1432,навчався,1
1433,здобував,1
1434,національному,1
1435,університеті,1
1436,політехніка»,1
1437,будівельній,1
1438,виконував,1
1439,донеччині,1
1440,андрія,1
1441,кунинця,1
1442,померли,1
1443,констатували,1
1444,мешкання,1
1445,попередня,1
1446,токсична,1
1447,хімічними,1
1448,речовинами,1
1449,критичному,1
1450,заявила,1
1451,представником,1
1452,закарпатського,1
1453,отцк,1
1454,реалізувала,1
1455,сурогатний,1
1456,алкоголь,1
1457,підозрою,1
1458,незаконно,1
1459,виготовлених,1
1460,спиртовмісних,1
1461,магазину,1
1462,тамтешнього,1
1463,виробництва,1
1464,медичним,1
1465,померло,1
1466,знаходяться,1
1467,тяжкому,1
1468,алкоголем,1
1469,одещині,1
1470,головне,1
1471,подія,1
1472,старостине,1
1473,працівникам,1
1474,кустарного,1
1475,швидкої,1
1476,довелося,1
1477,госпіталізовувати,1
1478,місцевих,1
1479,зле,1
1480,вживання,1
1481,горілки,1
1482,співслужників»,1
1483,постраждалий,1
1484,війну,1
1485,автобусний,1
1486,хлібопекарні,1
1487,кулінарією,1
1488,вбік,1
1489,донькою,1
1490,спіжевська,1
1491,надія,1
1492,володимирівна,1
1493,державному,1
1494,навчальному,1
1495,«львівське,1
1496,вище,1
1497,професійне,1
1498,училище,1
1499,сфери,1
1500,послуг»,1
1501,мирний,1
1502,торгівельній,1
1503,винятково,1
1504,доброю,1
1505,завод»,1
1506,«львівський,1
1507,поштового,1
1508,відповідальністю,1
1509,обожнювала,1
1510,займалася,1
1511,волонтерською,1
1512,діяльністю,1
1513,мамою,1
1514,бабуся,1
1515,садова,1
1516,мирослава,1
1517,чертіж,1
1518,навчалася,1
1519,монастирецькому,1
1520,загальної,1
1521,ііі,1
1522,професійнотехнічну,1
1523,училищі,1
1524,переїхала,1
1525,товариства,1
1526,обмеженою,1
1527,відвели,1
1528,доброзичливою,1
1529,людиною,1
1530,надії,1
1531,рясу,1
1532,руках,1
1533,опублікованому,1
1534,швидко,1
1535,підхопили,1
1536,фашистська,1
1537,пабліки,1
1538,видно,1
1539,рясі,1
1540,накинувся,1
1541,вїхав,1
1542,пропагандисти,1
1543,православний,1
1544,«оголосив,1
1545,зеленському,1
1546,анафему»,1
1547,розмахує,1
1548,кричить,1
1549,«анафема,1
1550,одягнувши,1
1551,«відродження»,1
1552,західні,1
1553,спіжевської,1
1554,донька,1
1555,онуків,1
1556,четвер,1
1557,мережу,1
1558,облетіло,1
1559,сатаністи»,1
1560,кидається,1
1561,візиту,1
1562,партії,1
1563,болгарію,1
1564,відтягують,1
1565,«священник»,1
1566,насправді,1
1567,видання,1
1568,телеграф,1
1569,маргінальної,1
1570,проросійської,1
1571,бісером,1
1572,головному,1
1573,розриву,1
1574,власної,1
1575,загону,1
1576,прикордонна,1
1577,додамо,1
1578,інкримінованої,1
1579,жорстоке,1
1580,капітаном,1
1581,передувало,1
1582,набув,1
1583,розголосу,1
1584,скандал,1
1585,побиттям,1
1586,матвіїшина,1
1587,відомий,1
1588,марта,1
1589,вч,1
1590,солдат,1
1591,назар,1
1592,михайлович,1
1593,прикордонному,1
1594,внутрішньої,1
1595,«укрпошти»,1
1596,відомства,1
1597,печінки,1
1598,забою,1
1599,підшлункової,1
1600,залози,1
1601,міри,1
1602,спеціалізованої,1
1603,капітану,1
1604,прикордонної,1
1605,військовою,1
1606,службовою,1
1607,особою,1
1608,насильства,1
1609,україни»,1
1610,симпатією,1
1611,здійснюють,1
1612,теруправління,1
1613,дбр,1
1614,супроводу,1
1615,госпіталізований,1
1616,львівський,1
1617,діагнозом,1
1618,пекарська,1
1619,загиблу,1
1620,ряснянському,1
1621,біографічні,1
1622,довідки,1
1623,анастасія,1
1624,комунальному,1
1625,загальноосвітня,1
1626,санаторна,1
1627,школа,1
1628,іііі,1
1629,богданаігоря,1
1630,антонича»,1
1631,національній,1
1632,академії,1
1633,звязку,1
1634,степановича,1
1635,попова,1
1636,повернення,1
1637,хрестителя,1
1638,каплиці,1
1639,спіжевською,1
1640,житловому,1
1641,гострий,1
1642,апендицит,1
1643,пошкодження,1
1644,внутрішніх,1
1645,львівська,1
1646,трьома,1
1647,загиблими,1
1648,росіян,1
1649,латинському,1
1650,званого,1
1651,катедральному,1
1652,«священника»,1
1653,соборі,1
1654,пл,1
1655,катедральній,1
1656,голосківському,1
1657,кладовищі,1
1658,надією,1
1659,подвір’ї,1
1660,парастас,1
1661,кунинцем,1
1662,влучили,1
1663,військових,1
1664,повному,1
1665,неушкодженою,1
1666,повернулася,1
1667,базу,1
1668,спеціальних,1
1669,завдав,1
1670,вигукуючи,1
1671,хмельниччині,1
1672,розбійному,1
1673,нападі,1
1674,зґвалтуванні,1
1675,дівчини,1
1676,хмельницької,1
1677,«ввечері,1
1678,дівчину,1
1679,прямо,1
1680,погрожуючи,1
1681,предметом,1
1682,пірс,1
1683,ракетами,1
1684,продовжити,1
1685,вдарили,1
1686,першими,1
1687,берег,1
1688,зійшли,1
1689,інженери,1
1690,розчистили,1
1691,прохід,1
1692,мін,1
1693,пасток,1
1694,плато,1
1695,встановила,1
1696,прапори,1
1697,частинах,1
1698,зміїного,1
1699,виконували,1
1700,судна,1
1701,почали,1
1702,маневрувати,1
1703,схожим,1
1704,зґвалтував,1
1705,школярку,1
1706,підозрюваний,1
1707,чоловіку,1
1708,оголосили,1
1709,зґвалтування,1
1710,розбій,1
1711,вчинений,1
1712,умовах,1
1713,внесли,1
1714,клопотання,1
1715,тримання,1
1716,лікарнях,1
1717,шестеро,1
1718,вчорашньої,1
1719,ракетної,1
1720,мерії,1
1721,«постраждалі,1
1722,зовнішні,1
1723,уламки,1
1724,анафема,1
1725,потерпілу,1
1726,залякував,1
1727,мм»,1
1728,райуправління,1
1729,відібрав,1
1730,гривень,1
1731,прапор,1
1732,дівчина,1
1733,мала,1
1734,собі»,1
1735,правоохоронців,1
1736,шепетівського,1
1737,«sur,1
1738,доби,1
1739,нападника,1
1740,виявився,1
1741,скоєному,1
1742,зізнався,1
1743,видав,1
1744,правоохоронцям,1
1745,стартовий,1
1746,ссо,1
1747,подали,1
1748,андрієм,1
1749,деталі,1
1750,«ми,1
1751,плідно,1
1752,попрацювали,1
1753,пункті,1
1754,деталей,1
1755,розуміємо,1
1756,віддаємо,1
1757,боротьбі,1
1758,свободу»,1
1759,залужний,1
1760,відзначив,1
1761,«велика,1
1762,честь,1
1763,відвідати,1
1764,київ,1
1765,зустрітися,1
1766,українським,1
1767,планів,1
1768,«геть,1
1769,прибережну,1
1770,обговорив,1
1771,порушує,1
1772,чинного,1
1773,українського,1
1774,законодавства»,1
1775,перевірки,1
1776,готель,1
1777,припинив,1
1778,транслювати,1
1779,генштабі,1
1780,спростували,1
1781,штабу,1
1782,фашистські,1
1783,великої,1
1784,британії,1
1785,тоні,1
1786,зустрівся,1
1787,головнокомандувачем,1
1788,валерієм,1
1789,залужним,1
1790,колегою,1
1791,генералом,1
1792,залужним»,1
1793,сповнений,1
1794,партнерам,1
1795,союзникам,1
1796,допомозі,1
1797,найближчими,1
1798,тижнями,1
1799,місяцями»,1
1800,доповнив,1
1801,підводних,1
1802,носіях,1
1803,підійшли,1
1804,плавці,1
1805,морського,1
1806,спп,1
1807,кошового,1
1808,отамана,1
1809,антіна,1
1810,головатого,1
1811,обстежили,1
1812,сприяти,1
1813,підтримувати,1
1814,агресії,1
1815,захоплення,1
1816,мужністю,1
1817,стійкістю,1
1818,винахідливістю,1
1819,протистоянні,1
1820,незаконній,1
1821,варварській,1
1822,«мій,1
1823,продовжувати,1
1824,годинний,1
1825,дав,1
1826,зрозуміти,1
1827,оперативні,1
1828,перспективи,1
1829,обговорити,1
1830,британія,1
1831,важких,1
1832,предметів,1
1833,довгострокове,1
1834,планування»,1
1835,премєр,1
1836,окремо,1
1837,порушували,1
1838,військовопатріотичного,1
1839,виховання,1
1840,розбудови,1
1841,національного,1
1842,спротиву,1
1843,річна,1
1844,харківщини,1
1845,карпатах,1
1846,сходили,1
1847,говерлу,1
1848,супроводі,1
1849,гіда,1
1850,речниця,1
1851,березні,1
1852,держслужби,1
1853,бюджетне,1
1854,партнерами,1
1855,падати,1
1856,взаємодію,1
1857,розвиток,1
1858,впк,1
1859,нарощує,1
1860,виробництво,1
1861,«більше,1
1862,запускаємо,1
1863,нові,1
1864,програми,1
1865,проєкти,1
1866,приватний,1
1867,повноцінним,1
1868,партнером,1
1869,воєннопромисловому,1
1870,створена,1
1871,нова,1
1872,оборонних,1
1873,закупівель,1
1874,включатиме,1
1875,активну,1
1876,стефанова,1
1877,надзвичайних,1
1878,ситуацій,1
1879,іванофранківській,1
1880,буданов,1
1881,«зараз,1
1882,певних,1
1883,техногенної,1
1884,спад,1
1885,усунення,1
1886,ризиків,1
1887,атомній,1
1888,станції,1
1889,контролювати,1
1890,окупанти»,1
1891,вивела,1
1892,станція,1
1893,російськими,1
1894,військами,1
1895,повторитися,1
1896,будьколи,1
1897,захочуть,1
1898,кирило,1
1899,знято,1
1900,харківської,1
1901,гроза,1
1902,“на,1
1903,вершині,1
1904,сім’я,1
1905,відлучилася,1
1906,основного,1
1907,почала,1
1908,спуск,1
1909,почалася,1
1910,спричинив,1
1911,загиблі,1
1912,річної,1
1913,дівчинки”,1
1914,шоковому,1
1915,яремчанську,1
1916,лікарню,1
1917,відпустили,1
1918,родичі,1
1919,компонент,1
1920,спеціальностями»,1
1921,військовими,1
1922,балкона,1
1923,триватиме,1
1924,наймолодшому,1
1925,пацієнту,1
1926,найстаршій,1
1927,електромереж,1
1928,прат,1
1929,викинув,1
1930,«львівобленерго»,1
1931,львівобленерго,1
1932,романівна,1
1933,контролером,1
1934,личаківської,1
1935,врпс,1
1936,пенсію,1
1937,анатолійович,1
1938,електромонтером,1
1939,виробничої,1
1940,лабораторії,1
1941,стаціонарне,1
1942,прогнозами,1
1943,ракетний,1
1944,лікувати,1
1945,вдарити,1
1946,лікування»,1
1947,іщук,1
1948,завідувач,1
1949,приймального,1
1950,пантелеймона,1
1951,залишається,1
1952,пацієнтів,1
1953,пацієнток,1
1954,рівненщині,1
1955,«госпіталізовані,1
1956,тулуба,1
1957,різані,1
1958,рани,1
1959,задовільний,1
1960,одужують»,1
1961,трунквальтер,1
1962,директор,1
1963,позбавила,1
1964,мешканцями,1
1965,визначеними,1
1966,дружиною,1
1967,«першочергове,1
1968,завершити,1
1969,перехід,1
1970,стандарти,1
1971,нато,1
1972,аспектах,1
1973,планування,1
1974,аналізу,1
1975,основою,1
1976,стане,1
1977,професійна,1
1978,армія,1
1979,одночасно,1
1980,створено,1
1981,компоненти,1
1982,резерву,1
1983,військовозобов’язані,1
1984,постійно,1
1985,обов’язкові,1
1986,бачення,1
1987,щит»,1
1988,«український,1
1989,секретарем,1
1990,ольгою,1
1991,телеграмканалі,1
1992,премєрміністр,1
1993,денис,1
1994,наради,1
1995,віцепрем’єрміністром,1
1996,михайлом,1
1997,федоровим,1
1998,рнбо,1
1999,реформи,1
2000,даніловим,1
2001,міністрами,1
2002,резніковим,1
2003,ігорем,1
2004,клименком,1
2005,олександром,1
2006,камишіним,1
2007,представниками,1
2008,скла,1
2009,пасічної,1
2010,лісових,1
2011,природу,1
2012,просить,1
2013,використати,1
2014,зупинити,1
2015,пожежею,1
2016,луганщині,1
2017,даний,1
2018,момент,1
2019,пожежу,1
2020,приблизно,1
2021,локалізовано,1
2022,травмованих,1
2023,україни«у,1
2024,поривчастим,1
2025,вітром,1
2026,післяобідній,1
2027,виникло,1
2028,дику,1
2029,серйозний,1
2030,чинить,1
2031,сусідніх,1
2032,румунії,1
2033,клаусу,1
2034,йоганнісу,1
2035,угорський,1
2036,уряд,1
2037,неодноразово,1
2038,звертався,1
2039,допомогою,1
2040,рибальству,1
2041,істотних,1
2042,покращення,1
2043,нещодавніх,1
2044,повеней,1
2045,пляшок,1
2046,відходів,1
2047,перешкоджає,1
2048,осередків,1
2049,пожеж,1
2050,сомеш,1
2051,верховий,1
2052,компанія,1
2053,автобусних,1
2054,перевезень,1
2055,запускає,1
2056,внутрішні,1
2057,рейси,1
2058,територією,1
2059,спосіб,1
2060,україною,1
2061,стануть,1
2062,напрямки,1
2063,укрзалізниця»,1
2064,розпочала,1
2065,прийом,1
2066,цифрових,1
2067,мобільного,1
2068,додатку,1
2069,«дія»,1
2070,триваютьgallery,1
2071,локалізації,1
2072,полтавські,1
2073,евакуація,1
2074,розповсюдилися,1
2075,лісу,1
2076,сектору,1
2077,селищ,1
2078,вовче,1
2079,смолянінове,1
2080,новоайдарського,1
2081,відбувається,1
2082,харківські,1
2083,населених,1
2084,пунктів»,1
2085,працюють,1
2086,кількості,1
2087,фахівець,1
2088,масштабної,1
2089,приєднаються,1
2090,надіслано,1
2091,ріки,1
2092,потяг,1
2093,опублікований,1
2094,поліс,1
2095,покриває,1
2096,сталась,1
2097,бориня,1
2098,турківського,1
2099,водій,1
2100,автомобіля,1
2101,«ваз,1
2102,впорався,1
2103,керуванням,1
2104,з’їхав,1
2105,перекинувся,1
2106,янош,1
2107,закликав,1
2108,вирішити,1
2109,забрудненням,1
2110,купи,1
2111,угорська,1
2112,влада,1
2113,страховий,1
2114,необхідний,1
2115,іноземним,1
2116,тест,1
2117,припиняти,1
2118,режим,1
2119,самоізоляції,1
2120,обсервації,1
2121,в’їжджає,1
2122,умови,1
2123,зроблять,1
2124,методом,1
2125,в’їзду,1
2126,плр,1
2127,перетину,1
2128,кордону,1
2129,матимуть,1
2130,негативний,1
2131,в’їзд,1
2132,«зеленої,1
2133,дозволено,1
2134,адера,1
2135,офіційному,1
2136,лист,1
2137,угорського,1
2138,європейських,1
2139,стандартів,1
2140,основна,1
2141,полягає,1
2142,скидає,1
2143,відходи,1
2144,заплави,1
2145,нагадав,1
2146,привертав,1
2147,увагу,1
2148,минулому,1
2149,найголовніших,1
2150,східній,1
2151,європі,1
2152,протікає,1
2153,угорщину,1
2154,сербію,1
2155,впадає,1
2156,дунай,1
2157,гідна,1
2158,»не,1
2159,екосистемі,1
2160,європейська,1
2161,правда«»розчаровує,1
2162,відходами,1
2163,зменшено,1
2164,несе,1
2165,тривалу,1
2166,крихкій,1
2167,річки«,1
2168,підкресливши,1
2169,заяв,1
2170,зеленському»наші,1
2171,машини,1
2172,змозі,1
2173,купами,1
2174,надходять,1
2175,нестримній,1
2176,кількості«,1
2177,посадки,1
2178,купівлі,1
2179,алея,1
2180,тілесне,1
2181,зламані,1
2182,ребра,1
2183,грудна,1
2184,клітина,1
2185,проведеними,1
2186,заходами,1
2187,скоєння,1
2188,причетний,1
2189,перебуваючи,1
2190,алкогольного,1
2191,сп’яніння,1
2192,прийшов,1
2193,вчинив,1
2194,конфлікт,1
2195,спричинивши,1
2196,пенсіонер,1
2197,територіального,1
2198,підрозділу,1
2199,спричинили,1
2200,чисельні,1
2201,тілі,1
2202,прийшовши,1
2203,заокругленій,1
2204,ділянці,1
2205,транспортному,1
2206,засобі,1
2207,перебувало,1
2208,приїзду,1
2209,вік,1
2210,службиgallery,1
2211,тестя,1
2212,співробітники,1
2213,виявив,1
2214,ознак,1
2215,слідами,1
2216,побоїв,1
2217,вказаною,1
2218,слідчооперативна,1
2219,дільничний,1
2220,офіцер,1
2221,тяжке,1
2222,покарання,1
2223,персональні,1
2224,термін,1
2225,з’ясування,1
2226,причин,1
2227,підтримує,1
2228,контакт,1
2229,лікарнею,1
2230,впав,1
2231,вертоліт,1
2232,українцями,1
2233,з’явилася,1
2234,озері,1
2235,авіапригода,1
2236,пасажирами,1
2237,очевидців,1
2238,зльоту,1
2239,почалися,1
2240,двигуном,1
2241,борту,1
2242,перебували,1
2243,аварій,1
2244,авіаційних,1
2245,комісією,1
2246,пілот,1
2247,семи,1
2248,десяти,1
2249,зловмисник,1
2250,міністерстві,1
2251,українців,1
2252,речника,1
2253,цивільного,1
2254,вертольота,1
2255,пасажирів«постраждалі,1
2256,державною,1
2257,госпіталізовані,1
2258,немає»,1
2259,консульство,1
2260,ґданську,1
2261,взаємодіє,1
2262,правоохоронними,1
2263,органами,1
2264,чотирьох,1
2265,встановлює,1
2266,паперовий,1
2267,поїзд»,1
2268,естудентським,1
2269,у—,1
2270,загальних,1
2271,плацкартних,1
2272,вагонах—,1
2273,категорій,1
2274,міжміського,1
2275,сполучення—,1
2276,регіональних,1
2277,поїздів—,1
2278,поїздах,1
2279,приміського,1
2280,сполучення,1
2281,проїзді,1
2282,св,1
2283,купе,1
2284,поїздів,1
2285,знижками,1
2286,повідомилиу,1
2287,закладів»,1
2288,ідентифікує,1
2289,документ,1
2290,цифровий,1
2291,аналог,1
2292,даватиме,1
2293,«уз»«цифровий,1
2294,переваги,1
2295,пластиковий,1
2296,оригінал,1
2297,статус,1
2298,навчальних,1
2299,знижки,1
2300,студентам,1
2301,внз,1
2302,iiv,1
2303,рівнів,1
2304,акредитації,1
2305,учням,1
2306,професійнотехнічних,1
2307,«регіональний,1
2308,студентів,1
2309,іванофранківської,1
2310,встановлена,1
2311,таабо,1
2312,професійної,1
2313,професійнотехнічної,1
2314,статусу,1
2315,учня,1
2316,права,1
2317,пільги,1
2318,передбачені,1
2319,законодавством,1
2320,пільговими,1
2321,проїзними,1
2322,документами,1
2323,здійснюється,1
2324,наявності—,1
2325,проїзного,1
2326,документа—,1
2327,посвідчує,1
2328,особу—,1
2329,яремче,1
2330,учнівських,1
2331,пред’являти,1
2332,idкартку,1
2333,повна,1
2334,вартість,1
2335,квитка,1
2336,укрзалізниця,1
2337,приймає,1
2338,цифрові,1
2339,документи,1
2340,закордонний,1
2341,студентські,1
2342,біометричний,1
2343,паспорт,1
2344,водійське,1
2345,посвідчення,1
2346,доступний,1
2347,постанови,1
2348,кму,1
2349,електронні,1
2350,дозволив,1
2351,кабінет,1
2352,вдома»,1
2353,м’яса,1
2354,домішки,1
2355,допомагають,1
2356,розпадатися,1
2357,пакету,1
2358,мікропластик,1
2359,легко,1
2360,потрапляє,1
2361,становить,1
2362,велику,1
2363,людини,1
2364,закон,1
2365,вступить,1
2366,дію,1
2367,тонкі,1
2368,поширювати,1
2369,«можна,1
2370,надлегкі,1
2371,стінки,1
2372,оксорозкладних,1
2373,підпадає,1
2374,безкоштовних,1
2375,роздрібної,1
2376,громадського,1
2377,харчування,1
2378,надання,1
2379,етапі,1
2380,забороняється,1
2381,безоплатне,1
2382,існує,1
2383,платимо,1
2384,використовуємо»,1
2385,вартості,1
2386,середнього,1
2387,чеку,1
2388,незалежності,1
2389,беремо,1
2390,платити,1
2391,використовуються,1
2392,риби,1
2393,направлений,1
2394,сипучих,1
2395,спільну,1
2396,діяльність,1
2397,проектна,1
2398,пропозиція,1
2399,легкоатлетичної,1
2400,бази,1
2401,відповідатиме,1
2402,критеріям,1
2403,«торпедо»,1
2404,архетектор,1
2405,коломійцев,1
2406,«зручне,1
2407,місто»,1
2408,звертатиметься,1
2409,банку,1
2410,публічноприватний,1
2411,проект«відповідно,1
2412,плану,1
2413,територія,1
2414,партнерства,1
2415,приватнопублічного,1
2416,базі,1
2417,розповсюдження,1
2418,пакет,1
2419,первинною,1
2420,упаковкою»,1
2421,відповідають,1
2422,першого,1
2423,утилізовані,1
2424,суб’єктами,1
2425,господарювання,1
2426,банком,1
2427,запроваджені,1
2428,штрафи,1
2429,повторне,1
2430,міські,1
2431,посадовці,1
2432,запустити,1
2433,спільний,1
2434,проект,1
2435,об’єктах,1
2436,«цей,1
2437,«дій,1
2438,першочергові,1
2439,річною,1
2440,дочкою,1
2441,комунікації,1
2442,городоцьке,1
2443,проникли,1
2444,гривнях,1
2445,доларах,1
2446,сша,1
2447,карного,1
2448,розшуку,1
2449,співробітниками,1
2450,стрийського,1
2451,зловмисників,1
2452,дрогобича,1
2453,доньку«за,1
2454,розшукали,1
2455,місті,1
2456,«мерседес»,1
2457,пересувались,1
2458,руху,1
2459,дорожнього,1
2460,організації,1
2461,пішохідного,1
2462,чупринки,1
2463,департаменті,1
2464,господарства,1
2465,лмр«у,1
2466,проведенням,1
2467,будівельних,1
2468,робіт,1
2469,підвищеного,1
2470,перехресті,1
2471,схеми,1
2472,чупринки–вул,1
2473,чупринки»,1
2474,лкп,1
2475,«шрп,1
2476,району»’їзд,1
2477,відбуватиметься,1
2478,затвердженої,1
2479,тимчасової,1
2480,проводились,1
2481,вилучено,1
2482,читанні,1
2483,валютах,1
2484,полковник,1
2485,віконський,1
2486,затримані,1
2487,запобіжні,1
2488,причетність,1
2489,кримінальних,1
2490,правопорушень,1
2491,триваєgallery,1
2492,природних,1
2493,ресурсів,1
2494,виступає,1
2495,брифінгу,1
2496,кабінеті,1
2497,«урядовий,1
2498,портал»,1
2499,«liga,1
2500,народні,1
2501,депутати,1
2502,схвалили,1
2503,майно»,1
2504,терміни,1
2505,злочинів,1
2506,речові,1
2507,докази,1
2508,оперативне,1
2509,можливим,1
2510,професійній,1
2511,злагоджені,1
2512,підрозділів,1
2513,гарячими,1
2514,найкоротші,1
2515,слідами»,1
2516,дає,1
2517,можливості,1
2518,заховати,1
2519,викрадені,1
2520,потерпілі,1
2521,передбачено,1
2522,легкоатлетична,1
2523,база,1
2524,лінії,1
2525,вогонь,1
2526,дозволеного,1
2527,мінськими,1
2528,домовленостями,1
2529,озброєння,1
2530,придушення,1
2531,активності,1
2532,знищено,1
2533,бліндаж,1
2534,самохідні,1
2535,артилерійські,1
2536,установки,1
2537,знаходилися,1
2538,вогневих,1
2539,позиціях,1
2540,противника,1
2541,суттєвим,1
2542,формуванням,1
2543,збройним,1
2544,незаконним,1
2545,завдали,1
2546,реєстрації,1
2547,qcu«,1
2548,вінgallery,1
2549,болоньї,1
2550,виконали,1
2551,вчора,1
2552,минулу,1
2553,добу,1
2554,суттєвих,1
2555,воїнів,1
2556,втрат,1
2557,оприлюднили,1
2558,пресцентрі,1
2559,сил«вчора,1
2560,обстрілу,1
2561,позицій,1
2562,ворога,1
2563,несли,1
2564,порушенням,1
2565,відведення,1
2566,розробці,1
2567,згідно,1
2568,п’яти,1
2569,полетіти,1
2570,червоної,1
2571,албанія,1
2572,«червоними»,1
2573,лишаються,1
2574,чорногорія,1
2575,єгипет,1
2576,туреччина,1
2577,хорватія,1
2578,«зеленій»,1
2579,зоні,1
2580,відомстві,1
2581,нагадують,1
2582,приїжджають,1
2583,денну,1
2584,скористатися,1
2585,додатком,1
2586,зон,1
2587,«зеленої»,1
2588,«червоної»,1
2589,подавлена,1
2590,меморандумом,1
2591,комплексом,1
2592,мінських,1
2593,домовленостей»,1
2594,оос,1
2595,суттєві,1
2596,втрати«агресія,1
2597,супротивника,1
2598,моральний,1
2599,розвитку,1
2600,дух,1
2601,зломлений,1
2602,підрозділах,1
2603,окупаційних,1
2604,моральнопсихологічний,1
2605,погіршився»,1
2606,в’їжджати,1
2607,агентства,1
2608,новій,1
2609,мілану,1
2610,»львів,1
2611,аеропорт,1
2612,отримаємо,1
2613,повноцінне,1
2614,поле,1
2615,майданчики,1
2616,силовими,1
2617,тренажерами,1
2618,важливим,1
2619,будівництво,1
2620,двоповерхової,1
2621,споруди,1
2622,розміщенням,1
2623,легкоатлетичного,1
2624,великі,1
2625,теоретичні,1
2626,начитки,1
2627,спортивних,1
2628,дисциплін,1
2629,розміщуватись,1
2630,підсумку,1
2631,бігової,1
2632,нормальної,1
2633,майданчиків,1
2634,проектної,1
2635,пропозиції,1
2636,взаємодіяли,1
2637,управлінням,1
2638,напрацювало,1
2639,використання,1
2640,відкритих,1
2641,відкритому,1
2642,ядра,1
2643,майданчику,1
2644,розмістити,1
2645,легкоатлетичні,1
2646,дисципліни,1
2647,числі,1
2648,метання,1
2649,молота,1
2650,повноцінні,1
2651,душові,1
2652,переодягальні,1
2653,результат«,1
2654,користуватись,1
2655,серйозним,1
2656,спортивним,1
2657,великий,1
2658,розраховуємо,1
2659,матиме,1
2660,загалом,1
2661,коломійцевgallery,1
2662,інтерес,1
2663,вівторок,1
2664,міжнародному,1
2665,«мілан–львів»,1
2666,«львів–мілан»,1
2667,споттер,1
2668,танчин«сьогодні,1
2669,»«,1
2670,міжнародний,1
2671,комплексів,1
2672,санвузли,1
2673,пропонується,1
2674,обслуговуватимуть,1
2675,відкриту,1
2676,закриту,1
2677,зазначити,1
2678,другому,1
2679,поверсі,1
2680,комплексу,1
2681,тренувальних,1
2682,збудовано,1
2683,залів,1
2684,функціонувати,1
2685,цілорічно,1
2686,займатись,1
2687,діти,1
2688,вікових,1
2689,груп,1
2690,прилеглого,1
2691,проживають,1
2692,проїжджаючі,1
2693,підібрали,1
2694,«airbus,1
2695,наданої,1
2696,медичної,1
2697,вірить,1
2698,бажає,1
2699,сходіть,1
2700,переконайтеся,1
2701,дозволу,1
2702,лікарів,1
2703,полетить,1
2704,виплатять,1
2705,компенсацію,1
2706,доларів,1
2707,оплатять,1
2708,відльоту,1
2709,куплять,1
2710,квиток»,1
2711,прибув,1
2712,хвилину,1
2713,моменту,1
2714,туроператор,1
2715,оплатити,1
2716,коментарів,1
2717,представник,1
2718,доглядають«не,1
2719,пишіть,1
2720,знаєте,1
2721,брехня,1
2722,чистої,1
2723,повинна,1
2724,човна,1
2725,трапилася,1
2726,застрахований,1
2727,нещасного,1
2728,постраждалу,1
2729,спортів,1
2730,компаніївласника,1
2731,парашутного,1
2732,авіакомпанії,1
2733,прилетів,1
2734,постраждати»,1
2735,елькасім,1
2736,другій,1
2737,половині,1
2738,відбувся,1
2739,аварійний,1
2740,технічний,1
2741,збій,1
2742,інтернетпровайдерів,1
2743,підтримку,1
2744,інтернетпредставництв,1
2745,сайтів,1
2746,влади,1
2747,кіберзахисту,1
2748,держспецзв’язку,1
2749,визначено,1
2750,причинами,1
2751,технічного,1
2752,збою,1
2753,були—,1
2754,сервери,1
2755,інформації,1
2756,спеціального,1
2757,хакерські,1
2758,відкрив,1
2759,знаходиться,1
2760,саудівськоїаравії,1
2761,традицією,1
2762,борт,1
2763,зустріли,1
2764,водяною,1
2765,аркою,1
2766,перевізник,1
2767,ерріад,1
2768,стали,1
2769,танчин,1
2770,садовийgallery,1
2771,сайти,1
2772,ряду,1
2773,структур,1
2774,раптово,1
2775,перестали,1
2776,причиною,1
2777,побажання,1
2778,продовження,1
2779,спортсменів,1
2780,вирішенню,1
2781,самостійного,1
2782,замовлення,1
2783,додаткових,1
2784,екскурсій,1
2785,зважувати,1
2786,активний,1
2787,парасейлінг,1
2788,віндсерфінг,1
2789,дайвінг,1
2790,лижі,1
2791,оформити,1
2792,страховку,1
2793,різновид,1
2794,набагато,1
2795,випадків,1
2796,звичайна,1
2797,медична,1
2798,страховка,1
2799,якнайшвидшому,1
2800,посприяти,1
2801,туристам,1
2802,партнери,1
2803,моральну,1
2804,шкоду,1
2805,загрожує,1
2806,виписали,1
2807,власним,1
2808,зазначили,1
2809,претензій,1
2810,up«,1
2811,стежили,1
2812,можливе,1
2813,розвитком,1
2814,допомагали,1
2815,перекладом,1
2816,супроводжували,1
2817,комунікацію,1
2818,місцевою,1
2819,компанією,1
2820,зробили,1
2821,професійних,1
2822,слід,1
2823,щирі,1
2824,обирати,1
2825,визнати,1
2826,крах,1
2827,галузі,1
2828,країні,1
2829,недоречно,1
2830,єгипту»«кошмар,1
2831,перегороджувати,1
2832,убити,1
2833,жінку»«це,1
2834,волокло,1
2835,воді,1
2836,асфальту,1
2837,повний,1
2838,шок,1
2839,міцного,1
2840,здоров’я,1
2841,їй»«який,1
2842,повинен,1
2843,ганьба,1
2844,компетентних,1
2845,коментарях,1
2846,збирається,1
2847,пірнати,1
2848,аквалангом,1
2849,транспортні,1
2850,наземні,1
2851,повітряні,1
2852,засоби,1
2853,пересування»,1
2854,користувачі,1
2855,поведінка,1
2856,інцидент«мені,1
2857,шкода,1
2858,сталося,1
2859,бажаємо,1
2860,складається,1
2861,персонал,1
2862,абсолютно,1
2863,некваліфікований,1
2864,доменних,1
2865,імен,1
2866,доступність,1
2867,перевернулась,1
2868,львова»,1
2869,люба,1
2870,косовська,1
2871,«вчора,1
2872,гуляла,1
2873,неприємно,1
2874,вражена,1
2875,пройшовши,1
2876,джорджа,1
2877,творчості,1
2878,юнацтва,1
2879,цілий,1
2880,жахливий,1
2881,запах,1
2882,каналізаційних,1
2883,люків,1
2884,фура,1
2885,лінію,1
2886,«гарячу,1
2887,зверненні,1
2888,«дтп,1
2889,мисливської,1
2890,поліцейських,1
2891,правоохоронець,1
2892,руки,1
2893,обличчяgallery,1
2894,шевченківському,1
2895,зінкевич,1
2896,жовківська–дашкевича»,1
2897,обурюються,1
2898,дописі,1
2899,вилетів,1
2900,тротуар,1
2901,врізався,1
2902,стіну,1
2903,уточнюються,1
2904,оновлюватись,1
2905,городяни,1
2906,пивом,1
2907,дійшовши,1
2908,влади—,1
2909,чудових,1
2910,зелена,1
2911,зона,1
2912,личаківському,1
2913,розташований,1
2914,вулицями,1
2915,пасічною,1
2916,зеленою,1
2917,місцевістю,1
2918,північна,1
2919,межує,1
2920,ботанічними,1
2921,садом,1
2922,університету,1
2923,центральною,1
2924,віссю,1
2925,потік,1
2926,пасіка,1
2927,витік,1
2928,полтва,1
2929,лісопарк,1
2930,довідково,1
2931,ямою»,1
2932,«відпочивають»,1
2933,побачила,1
2934,цвіте,1
2935,море,1
2936,запаху,1
2937,лавочки,1
2938,метрів,1
2939,вигрібною,1
2940,табличку,1
2941,поставила,1
2942,прибрано,1
2943,водоймами,1
2944,впорядкувати,1
2945,каналізацію,1
2946,постріл,1
2947,здійснив,1
2948,голосіївському,1
2949,проспекті,1
2950,відповідний,1
2951,кіберінцидент,1
2952,заступник,1
2953,департаменту,1
2954,олексій,1
2955,опублікував,1
2956,поліцейського,1
2957,підстрелив,1
2958,василенко,1
2959,патрульний,1
2960,поліцейський,1
2961,доєднався,1
2962,колишній,1
2963,міцним,1
2964,здоров’ям,1
2965,захоплюється,1
2966,мотоспортом«сьогодні,1
2967,службового,1
2968,пострілом,1
2969,зареєстровано,1
2970,інтернет,1
2971,доступу,1
2972,недоступність,1
2973,мережева,1
2974,спрямована,1
2975,сервісу,1
2976,маршрутизації,1
2977,мережевого,1
2978,трафіку,1
2979,спричинила,1
2980,тимчасову,1
2981,резервних,1
2982,захищеного,1
2983,маршрутів,1
2984,виявлення,1
2985,вразливостей,1
2986,кіберінциденти,1
2987,кібератаки,1
2988,зафіксовано,1
2989,аномальні,1
2990,обладнанні,1
2991,доводить,1
2992,небезпека,1
2993,очікує,1
2994,звісно,1
2995,фахівці,1
2996,шалімова,1
2997,переніс,1
2998,максимальна,1
2999,допомога,1
3000,реабілітації,1
3001,довгим,1
3002,складним,1
3003,невідомий,1
3004,руку,1
3005,залишиться,1
3006,сім’ї,1
3007,службі,1
3008,дивлячись,1
3009,віримо,1
3010,відновлення«,1
3011,конфлікту,1
3012,найкращі,1
3013,”після”,1
3014,патрульних,1
3015,професіями,1
3016,чекав,1
3017,будьякий,1
3018,останнім…,1
3019,патрульного,1
3020,порівнювати,1
3021,цивільними,1
3022,»до”,1
3023,звикли,1
3024,робити…,1
3025,заробітної,1
3026,плати,1
3027,враховуючи,1
3028,«незрівненним»,1
3029,розділив,1
3030,компенсувала,1
3031,авіаквитки,1
3032,трьох,1
3033,реконструція,1
3034,багаторічним,1
3035,досвідом,1
3036,тисячами,1
3037,тренерської,1
3038,коучінгової,1
3039,психологічної,1
3040,консалтингової,1
3041,роботи,1
3042,будівлю,1
3043,номером,1
3044,сто,1
3045,спроектував,1
3046,каспер,1
3047,драневич,1
3048,назву,1
3049,проєктом,1
3050,скульптора,1
3051,любомира,1
3052,напрямків,1
3053,тренерів,1
3054,об’єднуючи,1
3055,комуністів,1
3056,інстанцій,1
3057,вирішуватимуть,1
3058,суді,1
3059,квартира,1
3060,тривалий,1
3061,слугувала,1
3062,партійних,1
3063,зібрань,1
3064,сплати,1
3065,коучингові,1
3066,податків,1
3067,помешканні,1
3068,функціонував,1
3069,навчальний,1
3070,service,1
3071,lviv»,1
3072,зазначалося,1
3073,навчальні,1
3074,кукіля,1
3075,фігури,1
3076,бездіяльності,1
3077,орлів,1
3078,жозеф,1
3079,національна,1
3080,тримає,1
3081,контролем,1
3082,особистості,1
3083,мотиви,1
3084,встановлені,1
3085,глави,1
3086,вбитого,1
3087,постраждала,1
3088,невідомо,1
3089,моїз,1
3090,президентом,1
3091,набрав,1
3092,виборах,1
3093,суперник,1
3094,жюд,1
3095,селестен,1
3096,виборців,1
3097,варварства»,1
3098,жорстокості,1
3099,ненависті,1
3100,портал,1
3101,будинкуgallery,1
3102,застрелили,1
3103,глава,1
3104,жовенель,1
3105,моіз,1
3106,смертельне,1
3107,невідомих,1
3108,новинний,1
3109,прем’єрміністра,1
3110,«актом,1
3111,клода,1
3112,жозефа,1
3113,напад,1
3114,пробралася,1
3115,резиденції,1
3116,говорила,1
3117,іспанською’єр,1
3118,назвав,1
3119,архітектурних,1
3120,виключають,1
3121,зворотні,1
3122,звернення,1
3123,доносився,1
3124,спів,1
3125,«інтернаціоналу»,1
3126,вікна,1
3127,били,1
3128,камінням,1
3129,опинилася,1
3130,епіцентрі,1
3131,скандалу,1
3132,намаганнями,1
3133,нового,1
3134,власника,1
3135,брауна,1
3136,реконструювати,1
3137,«відновлення,1
3138,прорізу»,1
3139,задумку,1
3140,володимировича,1
3141,депутатакомуніста,1
3142,офіс,1
3143,пасажирів,1
3144,травмами,1
3145,колишнього,1
3146,компартії,1
3147,«галінфо»,1
3148,квартиру,1
3149,львів,1
3150,знаходився,1
3151,обкому,1
3152,екснародного,1
3153,кпу,1
3154,планують,1
3155,пристосувати,1
3156,хоче,1
3157,придбав,1
3158,загальною,1
3159,кв,1
3160,івановича,1
3161,скерував,1
3162,міськради,1
3163,залишать,1
3164,виконавчий,1
3165,«там»,1
3166,погодила,1
3167,вирізати,1
3168,історичного,1
3169,згоди,1
3170,наявною,1
3171,відбулися,1
3172,загальні,1
3173,збори,1
3174,належить,1
3175,письмове,1
3176,опитування,1
3177,висловилися,1
3178,вирізали,1
3179,заявляють,1
3180,дану,1
3181,справу,1
3182,проектом,1
3183,дверей,1
3184,стверджують,1
3185,проектування,1
3186,комітет,1
3187,розглянув,1
3188,травня,1
3189,ухвалено,1
3190,«про,1
3191,затвердження,1
3192,містобудівних,1
3193,умов,1
3194,об’єкта,1
3195,обурення,1
3196,будівництва,1
3197,реконструкцію,1
3198,гр,1
3199,пристосуванням,1
3200,відновленням,1
3201,прорізу,1
3202,львові»,1
3203,викликало,1
3204,сказ,1
3205,лисиці,1
3206,дубенській,1
3207,серйозні,1
3208,oasis,1
3209,blue,1
3210,bay,1
3211,spa,1
3212,канат,1
3213,випадково,1
3214,обірвався,1
3215,понесло,1
3216,море«працівники,1
3217,готові,1
3218,ходу,1
3219,знаючи,1
3220,робити,1
3221,перегородили,1
3222,політ,1
3223,швидкості,1
3224,влетіла,1
3225,борт»,1
3226,«reef,1
3227,поїздку,1
3228,«рбкукраїна»,1
3229,вирішено,1
3230,винною,1
3231,вчиненні,1
3232,перебуває,1
3233,вивчення,1
3234,тексту,1
3235,вироку,1
3236,окружною,1
3237,прокуратурою,1
3238,внесення,1
3239,важкі,1
3240,апеляційної,1
3241,скарги,1
3242,єгипті,1
3243,травмувалася,1
3244,українська,1
3245,каталася,1
3246,падінні,1
3247,врізалася,1
3248,сказано,1
3249,наклали,1
3250,виявленням,1
3251,швів,1
3252,спеціальному,1
3253,жінок,1
3254,відірвався,1
3255,рухався,1
3256,неконтрольовано,1
3257,поїхав,1
3258,сторону,1
3259,поривом,1
3260,вітру,1
3261,відкинуло,1
3262,бік,1
3263,катера,1
3264,викликали,1
3265,швидку,1
3266,відправили,1
3267,надавала,1
3268,відреагувала,1
3269,покрила,1
3270,медичні,1
3271,місцевої,1
3272,відпочивальники,1
3273,туристкою,1
3274,швидше,1
3275,розірвано,1
3276,вухо,1
3277,тріщини,1
3278,хребцях,1
3279,струс,1
3280,мозку,1
3281,намагаються,1
3282,лікарі,1
3283,відправити,1
3284,українською,1
3285,туристку,1
3286,літаком,1
3287,up»,1
3288,прокоментували,1
3289,подію«,1
3290,курорті,1
3291,шармешшейх,1
3292,визнано,1
3293,вироком,1
3294,обвинуваченої,1
3295,вину,1
3296,мокре,1
3297,травневе,1
3298,молодіжне,1
3299,варковицької,1
3300,відловлювання,1
3301,вивезення,1
3302,диких,1
3303,мисливських,1
3304,угідь,1
3305,входять,1
3306,загрозливу,1
3307,вогнища,1
3308,заморила,1
3309,голодом,1
3310,дитину,1
3311,київської,1
3312,міської,1
3313,підтримання,1
3314,костянець,1
3315,білобережжя,1
3316,боцянівка,1
3317,держпродспоживслужби,1
3318,дубенської,1
3319,всеволода,1
3320,пекарського,1
3321,районної,1
3322,протиепізоотичної,1
3323,заслухано,1
3324,дубенського,1
3325,міськрайонного,1
3326,лопуги,1
3327,заруддя,1
3328,лиса,1
3329,загрозливої,1
3330,потрапляють,1
3331,радіусі,1
3332,км,1
3333,княгинин,1
3334,листвин,1
3335,нараїв,1
3336,публічного,1
3337,обвинувачення,1
3338,прокурорами,1
3339,апеляційну,1
3340,малолітньої,1
3341,вказаний,1
3342,оскаржений,1
3343,апеляційній,1
3344,інстанції,1
3345,київський,1
3346,апеляційний,1
3347,задовольнив,1
3348,скасував,1
3349,призначенні,1
3350,райсуду,1
3351,направив,1
3352,судовий,1
3353,розгляд,1
3354,судового,1
3355,прокурор,1
3356,довів,1
3357,довічного,1
3358,наполягала,1
3359,голосіївської,1
3360,виявила,1
3361,окружної,1
3362,голоду,1
3363,обвинувачена,1
3364,однорічного,1
3365,дворічну,1
3366,доньку,1
3367,повернувшись,1
3368,хлопчика,1
3369,небезпеці,1
3370,мертвим,1
3371,дівчинку,1
3372,свідомості,1
3373,серпня,1
3374,голосіївський,1
3375,районний,1
3376,обвинувачену,1
3377,залишення,1
3378,українці»,1
